-102,145628,491038,208453,288312,125402,410150,57178,183407,138016,1017,1.0577,0.0371,,,,,,,,,,,
-71,206945,429264,256241,373717,154254,296570,105401,160810,130567,1418,1.0168,0.0397,,,,,,,,,,,
-91,152920,499261,149417,350808,115102,404263,60945,109549,175516,1805,1.0187,0.0407,,,,,,,,,,,
-72,136403,394312,224120,483288,140239,328261,127125,182085,126414,1531,1.0742,0.0427,,,,,,,,,,,
-74,192261,361425,221378,320956,82242,269173,116980,182954,121281,1477,1.0462,0.0403,,,,,,,,,,,
-109,175483,353636,203318,361368,93430,302488,111168,149633,99074,1501,0.9941,0.0436,,,,,,,,,,,
-122,224125,386190,232756,329209,136356,394532,51162,149740,160425,1402,1.1346,0.0414,,,,,,,,,,,
-99,143838,419742,235000,318995,101504,333564,104367,157322,166648,1513,1.0337,0.038,,,,,,,,,,,
-102,112461,392647,156697,286969,93829,397774,124671,161506,133412,1354,1.0304,0.0417,,,,,,,,,,,
-99,144608,229072,163210,418498,84965,332299,64965,156439,167038,1092,1.0643,0.0427,,,,,,,,,,,
-97,166060,352055,196961,365659,118612,376666,78326,148632,191688,1776,1.0636,0.0431,,,,,,,,,,,
-71,129703,447288,220032,299994,133486,420285,106650,147286,151909,1646,1.0612,0.0388,,,,,,,,,,,
-102,170410,518996,163861,316361,105668,335988,87124,150906,114774,1494,1.0142,0.0383,,,,,,,,,,,
-116,111350,385513,274930,326847,111567,264011,81435,118891,184488,1057,1.1174,0.0425,,,,,,,,,,,
-62,172576,525042,267711,348666,76592,371780,111422,161343,159733,1313,0.9702,0.0394,,,,,,,,,,,
-98,200611,295478,247428,445979,82309,290555,97396,145434,120026,2119,1.0618,0.0383,,,,,,,,,,,
-91,79259,541033,194969,331464,83903,319468,92875,119596,106185,1099,1.0981,0.0421,,,,,,,,,,,
-97,140047,395728,162996,331433,103730,355384,119138,135414,97563,1913,0.9829,0.0432,,,,,,,,,,,
-101,182418,267918,251309,392129,119701,408435,66322,97935,160625,1551,1.0637,0.0384,,,,,,,,,,,
-81,187155,321870,228200,347381,108061,409312,110511,170791,129072,1205,1.0771,0.0409,,,,,,,,,,,
-73,167471,325620,215689,412351,84993,319547,58569,184065,159535,953,1.0434,0.0374,,,,,,,,,,,
-96,130620,303648,200866,259348,101577,340681,99834,231857,139426,1235,1.1297,0.0432,,,,,,,,,,,
-63,172113,514266,181487,340272,92886,276373,134195,158638,113111,1336,1.0472,0.0416,,,,,,,,,,,
-90,208066,397762,177608,325613,97686,386235,95134,175138,154232,1557,1.0089,0.0403,,,,,,,,,,,
-89,195386,396782,168765,361281,117494,428053,103303,181602,148371,1074,1.1062,0.0377,,,,,,,,,,,
-100,170673,456774,238419,316862,136730,311371,138729,144914,112676,1912,1.176,0.0394,,,,,,,,,,,
-76,162449,466824,153467,307209,96738,339959,86023,161482,158383,2131,1.0378,0.042,,,,,,,,,,,
-111,189369,459742,159820,301702,112624,304025,85168,134344,131297,1580,1.0888,0.0392,,,,,,,,,,,
-117,121920,360975,254317,437924,89637,369009,100248,126146,124917,1626,1.0392,0.0382,,,,,,,,,,,
-94,184347,401148,218355,408261,70495,361682,69181,112990,173437,1961,1.0175,0.0396,,,,,,,,,,,
-101,127026,377867,213065,209199,97282,239051,107359,169039,151988,1386,1.098,0.0375,,,,,,,,,,,
-95,183461,382949,282307,293620,157657,535515,96955,100186,104735,1812,1.0972,0.0396,,,,,,,,,,,
-105,129543,447007,136594,342427,124951,397137,107590,135045,100770,1471,1.0486,0.0414,,,,,,,,,,,
-119,107904,427618,206747,300076,114622,371499,111906,152064,179951,1806,1.0792,0.0406,,,,,,,,,,,
-55,105958,532932,205902,331701,86470,489606,120212,168997,150845,1282,1.1016,0.0387,,,,,,,,,,,
-80,114199,439541,241127,345054,113742,192438,113993,170371,125015,1279,1.1039,0.0405,,,,,,,,,,,
-103,209882,300430,100079,316714,103554,293681,93871,148032,145572,1535,1.0889,0.0395,,,,,,,,,,,
-85,173490,362688,198917,440652,80549,301753,105884,125480,163463,1220,1.0723,0.0428,,,,,,,,,,,
-106,213718,389956,232653,272871,157773,222199,90324,137827,134257,1492,1.1234,0.0402,,,,,,,,,,,
-102,179276,471099,141308,393477,97533,341985,88056,111291,95225,1190,1.0688,0.0403,,,,,,,,,,,
-103,235166,402304,205147,300925,127942,326462,80912,137102,134171,1451,1.0742,0.0416,,,,,,,,,,,
-69,149345,206065,227574,427235,79125,366948,109759,127988,152142,1391,1.0504,0.0413,,,,,,,,,,,
-129,200765,441493,217708,327296,62177,501529,133677,135623,159342,1092,1.1565,0.0434,,,,,,,,,,,
-111,138506,460416,137087,349363,109065,373004,123029,102647,88721,1436,1.0223,0.0434,,,,,,,,,,,
-96,172076,497461,183025,201703,95551,343495,102972,172083,126115,2066,1.0134,0.0386,,,,,,,,,,,
-96,158508,358122,174712,308140,140910,454051,82820,161463,152541,1467,1.0066,0.0416,,,,,,,,,,,
-38,181104,315343,188394,476910,121470,354290,110933,152896,107517,1835,0.995,0.0428,,,,,,,,,,,
-80,91361,302395,284947,262626,112781,293045,67354,126803,148887,1319,1.0025,0.039,,,,,,,,,,,
-104,111938,319188,78089,434005,106222,388129,96932,139934,182654,1445,1.0772,0.0414,,,,,,,,,,,
-120,144754,387805,185831,286378,111343,238704,96233,138426,149627,1279,1.0556,0.0414,,,,,,,,,,,
-79,118807,391081,255757,260420,127569,363157,85848,134573,142313,1797,1.126,0.0386,,,,,,,,,,,
-84,143536,338747,182885,275315,55559,328617,93329,148800,139980,1420,1.0794,0.0402,,,,,,,,,,,
-112,211079,326787,262007,412289,86609,258773,102279,132195,136684,1574,0.9462,0.0428,,,,,,,,,,,
-66,182214,453085,188279,305892,124146,190654,75422,178549,156373,1597,1.0803,0.0411,,,,,,,,,,,
-76,113802,361108,208990,345582,98707,315369,73432,139540,145621,1893,1.0459,0.0412,,,,,,,,,,,
-111,102702,520576,226443,437249,125168,488649,96242,173935,140927,1404,1.1171,0.0379,,,,,,,,,,,
-104,140945,472214,259158,408852,86624,427307,117780,174614,97281,1389,1.0395,0.0395,,,,,,,,,,,
-59,204425,362835,133068,255412,138375,272567,98107,125965,81606,1062,0.9337,0.0407,,,,,,,,,,,
-78,151757,349244,199929,308664,134135,327222,106025,203035,91830,1917,1.0422,0.0399,,,,,,,,,,,
-56,174855,326325,223095,275434,82328,314590,90006,107376,137713,744,1.0839,0.0406,,,,,,,,,,,
-83,89673,370581,151043,256966,98676,226952,103897,128728,65881,1246,1.0509,0.0415,,,,,,,,,,,
-132,165102,414690,222110,245952,126472,135915,105741,138588,145114,1702,1.0518,0.0389,,,,,,,,,,,
-105,140582,365449,194150,303902,120951,412045,83626,181583,113666,1373,1.0782,0.0414,,,,,,,,,,,
-110,181689,375924,253779,345275,83041,445671,135889,179695,102737,1846,1.0563,0.042,,,,,,,,,,,
-62,169711,373362,251227,273603,133563,307873,92997,117573,140346,1952,1.2226,0.045,,,,,,,,,,,
-78,157966,451170,200077,304687,90693,201646,86066,112503,134595,1344,0.9821,0.0411,,,,,,,,,,,
-106,213311,262944,184486,221602,119321,412606,115238,159289,134465,1165,1.0955,0.0359,,,,,,,,,,,
-80,179624,402345,273554,354489,98445,348671,96052,151606,158963,1827,1.0897,0.0384,,,,,,,,,,,
-84,191092,448725,182252,204784,96373,392696,108189,170540,108519,1697,1.1683,0.0378,,,,,,,,,,,
-126,110321,303617,189251,271415,106878,336935,84056,131095,143146,1751,1.0639,0.0404,,,,,,,,,,,
-98,118830,464147,204048,313995,118008,427838,89752,164440,95489,1228,0.9862,0.0411,,,,,,,,,,,
-107,147322,415236,267964,399426,152060,422813,107248,215406,178745,1496,1.011,0.0405,,,,,,,,,,,
-69,195227,279100,168408,285512,111349,311798,96884,168323,113169,990,1.0225,0.0414,,,,,,,,,,,
-109,138758,417510,199670,388011,132491,272061,80503,128854,164925,933,1.0583,0.0433,,,,,,,,,,,
-76,187190,285866,192926,263555,83640,330596,115267,155621,161714,1989,1.081,0.0417,,,,,,,,,,,
-109,131698,453174,143885,312531,148941,365501,109117,86479,97684,2023,1.0429,0.0388,,,,,,,,,,,
-127,204454,338697,223932,247163,99741,194008,83519,177003,154975,1647,0.9783,0.042,,,,,,,,,,,
-84,126940,302970,197174,309182,116406,311718,72250,184005,140884,1728,1.0982,0.0412,,,,,,,,,,,
-81,221453,432354,221559,333857,97653,304266,100655,121987,140675,1513,1.0445,0.0354,,,,,,,,,,,
-104,133284,359190,169893,305074,79311,262799,130428,171104,130026,1485,0.9357,0.0402,,,,,,,,,,,
-94,144043,282179,125098,266638,92997,404629,91610,145111,137151,1426,1.0533,0.0383,,,,,,,,,,,
-134,137566,476073,235120,300388,120551,418316,91128,180784,137805,1408,0.9943,0.0402,,,,,,,,,,,
-70,176508,328815,181865,243918,113144,351236,68581,171700,121560,1232,1.065,0.0391,,,,,,,,,,,
-73,175626,413545,233374,261385,91895,299826,168753,126275,133843,2027,1.0922,0.0393,,,,,,,,,,,
-87,148510,346785,235802,346491,78117,354942,107542,106112,106831,1232,1.0818,0.0419,,,,,,,,,,,
-92,185928,397258,207849,325452,118182,316999,72495,153504,106986,1124,0.9864,0.0391,,,,,,,,,,,
-82,154254,407324,272282,384783,75058,388963,94477,174183,161864,1365,1.0403,0.0398,,,,,,,,,,,
-107,104786,366736,202503,247569,126477,224532,90076,127455,86001,1053,1.0587,0.0406,,,,,,,,,,,
-86,120132,520208,248142,281136,139844,288242,105412,185966,155289,939,1.0188,0.039,,,,,,,,,,,
-116,115501,452764,248847,330682,104943,328498,119187,127189,155570,1580,1.0048,0.0398,,,,,,,,,,,
-75,197239,299522,267532,456200,98546,334900,110949,111061,129442,1573,1.1105,0.0427,,,,,,,,,,,
-81,129971,397315,188025,277813,53016,401622,87384,148580,146770,1355,1.0798,0.0458,,,,,,,,,,,
-110,141921,426578,274351,323545,112185,418014,130311,177514,92977,2011,1.0915,0.0421,,,,,,,,,,,
-112,197667,396634,172020,288514,118266,407073,87568,165219,103503,1750,0.9503,0.042,,,,,,,,,,,
-82,187932,256056,228560,312611,106241,379031,98896,127993,134900,1295,1.0282,0.0397,,,,,,,,,,,
-58,162900,321796,280514,359021,110052,321948,96680,153566,164309,1209,1.1061,0.0416,,,,,,,,,,,
-77,138541,414564,286898,210374,62213,296300,119877,158682,103430,1475,0.9595,0.0422,,,,,,,,,,,
-79,137989,405389,200171,237171,89188,307123,102348,142528,138408,1687,1.0788,0.0413,,,,,,,,,,,
-64,182911,289855,290664,413222,101486,401428,96205,174047,147750,1036,1.0833,0.0393,,,,,,,,,,,
-93,207360,421676,248513,334430,142896,300160,82631,155172,142336,1727,1.0131,0.04,,,,,,,,,,,
-95,221447,372046,184386,259321,107792,301969,75179,159539,87897,1563,1.0062,0.0382,,,,,,,,,,,
-90,159914,506166,182675,330474,82665,254753,58296,164024,152107,1570,0.9956,0.0394,,,,,,,,,,,
-111,174339,369272,229669,399261,21326,326580,116761,193742,162634,1353,1.0366,0.0399,,,,,,,,,,,
-106,178728,384439,177775,395398,107913,278841,72215,138882,160319,1092,1.0882,0.0378,,,,,,,,,,,
-110,105183,353763,311198,345049,104465,309838,96351,121813,133953,749,1.0164,0.0418,,,,,,,,,,,
-87,152856,296899,205719,400620,86951,215357,66664,178622,119425,1504,1.0089,0.0392,,,,,,,,,,,
-61,128104,367132,206781,375443,99455,343404,72426,169199,91583,1143,1.1312,0.0391,,,,,,,,,,,
-108,164332,398979,156800,541178,157527,441052,123195,131359,124763,1395,1.0812,0.0394,,,,,,,,,,,
-102,165467,295077,167609,330363,142293,314673,89913,167628,45421,2106,1.1133,0.0405,,,,,,,,,,,
-67,151768,477618,160044,328914,71877,255974,134462,129425,102753,1265,1.0355,0.0376,,,,,,,,,,,
-89,161667,326376,194345,270726,96233,440069,99763,177813,170286,1312,1.1039,0.0414,,,,,,,,,,,
-84,124555,323240,195869,336769,149418,424772,68293,129788,108602,1253,1.0338,0.0364,,,,,,,,,,,
-72,140036,466039,177959,412979,100336,272333,86927,171530,125701,1633,1.0645,0.0394,,,,,,,,,,,
-88,228560,408343,199313,170405,117189,422534,106423,193673,63657,1576,1.1118,0.0364,,,,,,,,,,,
-95,192596,425743,210371,280548,62425,298446,69823,193558,141847,1755,0.9877,0.0402,,,,,,,,,,,
-112,135094,528982,170426,413940,110795,327711,74643,155184,138898,2181,1.2012,0.0412,,,,,,,,,,,
-74,106833,465880,216703,247953,70361,476487,101907,134172,89265,961,1.1286,0.038,,,,,,,,,,,
-90,157976,348495,184649,304389,100141,339161,89166,132717,108663,1639,1.1202,0.0399,,,,,,,,,,,
-124,150996,521837,214815,227829,119201,382882,69766,169596,150306,1239,1.187,0.0396,,,,,,,,,,,
-80,168664,573064,278682,376195,64274,233211,104408,169560,92734,999,0.9919,0.045,,,,,,,,,,,
-82,132931,331404,154923,241102,108219,410955,109742,171136,114763,1513,1.0682,0.0374,,,,,,,,,,,
-108,139477,505648,207676,198403,90316,306715,82818,148997,125515,1813,1.0182,0.0355,,,,,,,,,,,
-143,183551,379502,130279,388223,113414,449252,109511,177702,111717,1923,0.9976,0.037,,,,,,,,,,,
-88,174115,385401,196911,196625,127687,361056,125558,151642,165309,1366,1.0678,0.0369,,,,,,,,,,,
-104,164377,482304,216167,245207,105841,324432,46447,174612,123527,993,1.0795,0.043,,,,,,,,,,,
-61,174568,317581,230123,331715,112150,375753,108751,154008,125019,1635,1.0883,0.0418,,,,,,,,,,,
-85,149593,308515,109414,286364,88562,492336,113903,156559,161768,1128,1.0804,0.0374,,,,,,,,,,,
-99,203060,447858,220293,206448,74777,318007,78390,160688,94244,1542,1.0796,0.0417,,,,,,,,,,,
-103,185325,496185,195805,390134,98175,462796,53523,122593,177386,1594,0.9364,0.0402,,,,,,,,,,,
-117,179585,333166,203064,488554,91293,350653,82590,147062,108836,1755,1.0544,0.0377,,,,,,,,,,,
-97,153123,524374,244581,267204,84457,413153,89064,134604,180030,1625,0.9816,0.0399,,,,,,,,,,,
-89,198643,302676,209428,415164,116438,236193,115453,113804,162558,1176,1.131,0.0406,,,,,,,,,,,
-114,185765,415190,145688,383824,102020,296640,103187,199826,69694,1145,0.9615,0.0367,,,,,,,,,,,
-106,168201,421677,191890,343571,84121,121222,78293,194138,124358,1664,1.0528,0.0387,,,,,,,,,,,
-77,74602,266363,208287,262784,111940,392875,82800,172282,121477,1252,1.0556,0.0364,,,,,,,,,,,
-114,103352,374577,194218,296075,126548,372406,114914,187394,124316,1944,1.1433,0.0394,,,,,,,,,,,
-93,214368,404776,194020,314401,125890,391249,73303,121556,90275,1701,1.078,0.0384,,,,,,,,,,,
-92,152376,513068,157309,332632,145259,301054,91978,130953,116105,1330,1.0852,0.0376,,,,,,,,,,,
-104,146573,516838,189235,132770,77777,319106,102716,183345,159548,877,1.1234,0.0382,,,,,,,,,,,
-50,161068,427345,156523,436780,124800,184229,100655,213583,121460,1945,1.0327,0.038,,,,,,,,,,,
-131,140160,342024,168376,309653,88680,311594,67612,152508,145086,1285,1.1164,0.0364,,,,,,,,,,,
-40,159228,359839,150909,379460,92433,379808,111343,164523,153351,1473,1.0566,0.0359,,,,,,,,,,,
-67,157882,301521,192376,304650,109898,436301,90630,179777,79677,1508,0.9856,0.039,,,,,,,,,,,
-85,178571,425560,231782,439617,97696,251253,83051,128134,157726,1550,1.1082,0.0387,,,,,,,,,,,
-105,136223,387972,288664,320406,125198,354478,100118,125359,146457,1702,1.0833,0.0404,,,,,,,,,,,
-66,124921,589595,250738,393810,110934,291598,92987,148279,129620,1524,1.0471,0.0395,,,,,,,,,,,
-32,204522,385482,166372,318437,112729,292667,98347,137573,116236,1313,0.9792,0.0364,,,,,,,,,,,
-88,195527,384677,213004,231428,145668,286971,75516,167382,138384,1120,1.0614,0.0421,,,,,,,,,,,
-66,107757,357288,195687,326558,107008,251596,95455,187076,86126,1394,1.0581,0.0388,,,,,,,,,,,
-91,119962,304241,152231,155120,91598,363886,105888,170273,106237,2174,1.0597,0.0433,,,,,,,,,,,
-129,138089,446585,130673,270158,73752,354200,83831,158302,93746,1255,1.1105,0.0437,,,,,,,,,,,
-88,108926,381209,203618,292224,100834,418093,84850,126046,107197,1423,0.9792,0.0426,,,,,,,,,,,
-65,158092,410462,188662,311823,121417,267865,82284,137304,81302,1404,1.0743,0.0392,,,,,,,,,,,
-80,133899,307452,219080,284038,120649,413505,100873,120439,136726,1353,1.0482,0.0399,,,,,,,,,,,
-60,142492,298416,205754,323261,115223,365961,106124,207344,181431,1129,1,0.0447,,,,,,,,,,,
-76,112946,482802,200699,291178,102650,322296,109254,110194,163961,1772,1.0861,0.0431,,,,,,,,,,,
-92,181245,341775,190082,377255,131456,340654,70149,129416,105663,1640,1.038,0.0397,,,,,,,,,,,
-97,148302,415725,216895,236285,143703,336765,87899,167408,115788,1302,1.0268,0.0387,,,,,,,,,,,
-94,153465,394495,244285,320233,105463,359284,85981,168278,95955,2113,1.0618,0.038,,,,,,,,,,,
-94,120079,371168,197131,294103,105019,331798,85117,157906,176383,1409,1.1505,0.0394,,,,,,,,,,,
-89,93707,272626,183946,368278,140065,324580,100945,100733,140448,1089,0.9694,0.0407,,,,,,,,,,,
-81,121878,464151,158623,253293,127852,320563,77767,150913,144323,1617,1.0068,0.0396,,,,,,,,,,,
-69,146245,311132,222291,151759,93531,326773,130023,143187,128515,1882,1.0264,0.0433,,,,,,,,,,,
-77,204949,434701,163581,337617,110618,351146,75245,138908,143490,1367,1.0509,0.0419,,,,,,,,,,,
-109,164121,300957,234721,369481,80892,465563,109918,147042,144791,1535,1.0849,0.0422,,,,,,,,,,,
-94,153169,467308,306758,200903,67029,446641,120460,169320,173842,1585,1.0083,0.0393,,,,,,,,,,,
-102,155334,446222,162914,324687,116628,233763,95307,139385,139288,1709,1.0696,0.0429,,,,,,,,,,,
-115,154240,185697,207952,316403,84886,293714,91129,144662,132941,1619,1.1055,0.039,,,,,,,,,,,
-90,174090,498054,156877,310584,118067,353703,45517,143243,117837,1255,1.0152,0.0399,,,,,,,,,,,
-87,99920,416177,192611,334728,82502,289664,74828,158524,112959,1723,1.1564,0.0408,,,,,,,,,,,
-87,95441,314873,211716,265841,97067,413419,66067,190569,137642,1050,1.1244,0.04,,,,,,,,,,,
-96,117220,310830,173525,311464,104506,277746,116285,166297,169824,1111,1.0824,0.0419,,,,,,,,,,,
-101,199468,455596,191889,299924,145355,288195,77913,144796,155828,1800,1.111,0.0368,,,,,,,,,,,
-103,174528,382908,179609,367899,128648,366637,63740,110727,107025,1545,1.1765,0.0408,,,,,,,,,,,
-84,146242,433725,221588,385560,90637,374668,124284,126553,151086,1293,1.1236,0.0435,,,,,,,,,,,
-139,177338,392965,224358,260522,118817,380381,80035,111449,199656,1316,1.0918,0.0414,,,,,,,,,,,
-105,149874,468006,239444,372822,98931,362310,77744,112362,132619,1461,1.0065,0.0397,,,,,,,,,,,
-105,124632,375556,224870,301359,114326,387922,102636,173419,135880,1437,1.1241,0.0384,,,,,,,,,,,
-94,146457,313088,238224,304529,154329,437832,110929,153334,105808,1639,1.0298,0.0423,,,,,,,,,,,
-101,193199,206428,210127,397188,136004,307588,127769,136339,164294,1659,1.1256,0.0375,,,,,,,,,,,
-77,143453,459116,198906,219060,102622,428102,120812,157701,105898,1936,1.0906,0.0404,,,,,,,,,,,
-88,156881,334541,203750,282469,126938,230971,104732,147342,78829,1759,1.1415,0.0409,,,,,,,,,,,
-79,163171,421429,225376,283067,121578,468878,56470,208444,100749,1602,1.0374,0.0395,,,,,,,,,,,
-61,191368,281618,263971,294364,107015,345379,110499,106689,137092,1319,1.0302,0.0416,,,,,,,,,,,
-86,158911,340215,191428,238509,109400,295673,112369,164074,107160,1900,1.0401,0.0454,,,,,,,,,,,
-93,123219,247653,242643,404466,106385,422940,99427,133796,153251,1827,1.1025,0.0385,,,,,,,,,,,
-115,108289,570186,159513,274124,135097,494556,105978,102651,136294,1330,1.1427,0.0407,,,,,,,,,,,
-101,172089,298327,218179,423852,107919,215447,120549,152853,114162,1942,1.0823,0.0387,,,,,,,,,,,
-112,186598,447865,175750,312818,85428,232751,83850,102722,149094,1256,1.107,0.0426,,,,,,,,,,,
-121,142491,381943,190513,379302,133634,422587,95695,150177,104686,1083,1.1458,0.0385,,,,,,,,,,,
-70,184744,383645,242065,339542,124946,326083,80288,147575,125384,1294,1.0466,0.0389,,,,,,,,,,,
-81,161746,534769,209551,298859,131099,387318,76469,176509,126129,1485,1.0723,0.0408,,,,,,,,,,,
-50,176056,451913,284512,305670,133009,259888,90577,160052,139487,1176,1.1444,0.0405,,,,,,,,,,,
-96,184051,366149,241684,304166,106807,282484,113274,173906,158449,1130,1.1089,0.0416,,,,,,,,,,,
-100,151892,401073,202933,365125,131944,402950,69755,160462,153885,1355,1.0396,0.0407,,,,,,,,,,,
-84,190936,484263,197315,328028,118527,176427,100629,66629,110478,1177,1.0647,0.0415,,,,,,,,,,,
-70,174146,394809,158482,424162,104078,384604,107588,111012,106538,1757,1.094,0.0409,,,,,,,,,,,
-77,126758,317192,274828,344417,98527,417444,122872,128656,140492,1436,0.9537,0.0432,,,,,,,,,,,
-113,85782,310151,159697,316909,111950,367064,82924,82164,122158,1634,1.144,0.0392,,,,,,,,,,,
-58,178598,528776,203982,316166,116074,398698,97415,136009,173733,1543,1.0346,0.0387,,,,,,,,,,,
-100,171339,455920,202619,332636,114143,238931,77439,128722,122173,1687,1.048,0.0391,,,,,,,,,,,
-99,178312,382661,199828,339137,116603,388450,89944,160137,123597,1981,1.0807,0.0388,,,,,,,,,,,
-105,188426,536255,269416,278129,102956,298786,90451,152146,129601,1403,1.0903,0.0393,,,,,,,,,,,
-48,154469,281718,211417,314324,99230,287883,92572,180565,154971,1856,1.016,0.0413,,,,,,,,,,,
-72,126712,476412,201212,267286,71562,339710,110806,115860,135804,1990,1.0022,0.0382,,,,,,,,,,,
-67,179800,420178,186814,413524,116120,392749,103679,149443,179868,1643,1.0709,0.0386,,,,,,,,,,,
-102,178485,220444,167159,368177,77730,388915,107454,132006,113957,1460,1.0089,0.0412,,,,,,,,,,,
-113,180799,365399,144845,339515,153678,392214,130976,96874,118059,1611,1.0737,0.0404,,,,,,,,,,,
-87,221064,391220,196245,371100,84408,323070,72634,103401,144702,1749,0.9634,0.0405,,,,,,,,,,,
-28,103233,474496,153021,298632,117594,357105,108313,108218,94960,1928,1.0879,0.0421,,,,,,,,,,,
-71,202344,364295,231349,351330,138066,405768,89663,173659,154644,1383,0.9622,0.0425,,,,,,,,,,,
-61,147324,329995,211913,332143,108783,359829,110685,132528,115382,1834,0.992,0.0435,,,,,,,,,,,
-69,174792,505307,223349,389210,112248,366192,102393,144023,137754,1596,1.0557,0.0387,,,,,,,,,,,
-88,190416,395018,204750,405868,97634,339898,121099,112024,128099,1710,1.0728,0.041,,,,,,,,,,,
-67,162365,381911,191165,302526,121888,298945,103377,196782,135814,1941,1.1405,0.0418,,,,,,,,,,,
-81,188860,350726,223991,372935,114089,381168,61344,187872,135111,1145,0.9918,0.0395,,,,,,,,,,,
-88,192493,355854,153170,391060,133639,277696,90344,167295,101922,1584,1.1273,0.0397,,,,,,,,,,,
-83,142306,337028,164105,365985,112408,463616,76864,129211,96835,2006,1.0774,0.0403,,,,,,,,,,,
-91,166591,478824,224603,250671,103534,368840,101831,170916,116159,1527,1.0354,0.0415,,,,,,,,,,,
-95,183304,366552,241062,341558,113969,227326,90011,204945,94784,1564,1.0056,0.0411,,,,,,,,,,,
-82,213288,488253,155241,318631,115701,381432,115402,175086,136459,1300,1.1019,0.0382,,,,,,,,,,,
-120,201514,364417,122222,305384,143819,312108,91593,153969,138584,1294,1.1812,0.0415,,,,,,,,,,,
-105,147288,541702,285750,274115,120839,333067,107472,100901,176951,1605,1.0779,0.0385,,,,,,,,,,,
-85,106153,470754,218939,320361,121264,287018,90150,171319,120459,1134,1.1288,0.0438,,,,,,,,,,,
-64,116475,305332,212090,341813,92655,312523,77194,195670,106698,1885,1.0883,0.0403,,,,,,,,,,,
-91,153320,289776,170527,239809,136239,366315,62065,131677,172992,1769,1.0107,0.0438,,,,,,,,,,,
-119,177973,666922,169037,316696,135361,260350,95907,154501,101495,1902,1.1775,0.0394,,,,,,,,,,,
-81,161408,447547,122545,328663,100585,377179,103842,182089,161219,1801,1.0084,0.0413,,,,,,,,,,,
-86,155804,374988,204260,276165,88012,370709,95032,205856,49577,1163,1.0963,0.042,,,,,,,,,,,
-91,166301,406348,247695,367862,104345,285176,112262,156643,122067,1453,0.9788,0.0409,,,,,,,,,,,
-99,182495,336105,184963,264388,84075,303843,72301,173394,121358,2044,0.993,0.0443,,,,,,,,,,,
-67,126073,438225,177907,379769,107560,216622,93268,164070,113105,1080,1.165,0.0373,,,,,,,,,,,
-67,134937,257003,211188,173573,70654,395725,117484,109832,166298,1885,1.0826,0.0389,,,,,,,,,,,
-90,149106,344651,188250,292574,75880,361058,40211,170713,135616,1593,1.0027,0.0404,,,,,,,,,,,
-70,153210,334510,234896,297855,95318,340316,119283,208115,167546,1535,1.0043,0.0365,,,,,,,,,,,
-97,221343,432706,214727,331448,141243,272820,96848,165144,132946,1728,1.0945,0.0406,,,,,,,,,,,
-92,122437,261401,269592,236203,102136,368177,82139,181884,137762,1205,1.0021,0.0411,,,,,,,,,,,
-107,145389,477196,252574,416682,124821,342022,99861,141489,125608,1938,1.0691,0.0446,,,,,,,,,,,
-48,117494,478320,165169,423378,88803,252317,116558,115105,144067,1364,1.08,0.038,,,,,,,,,,,
-94,169658,254857,190996,261073,89911,312001,95546,164553,128521,1778,1.1714,0.0429,,,,,,,,,,,
-80,194012,441621,218610,329022,97879,202111,88866,177118,213150,960,1.0407,0.0411,,,,,,,,,,,
-75,167860,377114,192248,325632,96409,333875,101456,140839,129541,1578,1.0227,0.0417,,,,,,,,,,,
-92,180504,374486,200542,349494,116671,252502,123132,110771,84536,1356,1.1009,0.0365,,,,,,,,,,,
-67,192885,419491,178198,308979,130241,337896,101853,158272,98051,1219,1.1152,0.0401,,,,,,,,,,,
-84,168008,431718,272361,354388,85884,339760,120700,92640,102856,1722,1.0832,0.0376,,,,,,,,,,,
-86,123969,368820,197182,357407,64708,347802,123871,154814,119680,1777,1.0798,0.042,,,,,,,,,,,
-81,205499,203964,115866,385477,135009,369237,91613,145300,113142,1899,1.0348,0.04,,,,,,,,,,,
-75,193735,426032,157151,174123,125140,346097,122831,105289,124208,2119,1.0504,0.0371,,,,,,,,,,,
-91,205017,434118,236130,325811,131941,320997,112938,140233,154623,1794,1.0604,0.0434,,,,,,,,,,,
-95,149585,442612,243498,446928,133027,279785,83280,175840,89632,1435,1.01,0.0419,,,,,,,,,,,
-96,182761,203538,220930,303202,101038,318968,74523,212531,133133,1202,1.1116,0.0418,,,,,,,,,,,
-93,183743,405256,208039,409120,81215,390323,118170,142310,146525,906,1.0475,0.0422,,,,,,,,,,,
-84,245603,336043,221872,384129,119482,216797,149938,179632,106396,1543,1.104,0.0401,,,,,,,,,,,
-77,128676,345643,217465,357566,106462,321175,81488,141989,104198,1070,1.078,0.0379,,,,,,,,,,,
-90,169655,265002,279622,274669,130466,343024,87741,149354,122485,1475,1.081,0.0401,,,,,,,,,,,
-74,201119,214979,271106,323127,134709,293913,98271,130914,152354,1207,1.1874,0.041,,,,,,,,,,,
-80,102414,473184,173403,316828,127582,344545,106008,158323,144944,1015,1.0302,0.0423,,,,,,,,,,,
-87,211992,365881,196391,308549,123559,337175,77264,191716,159100,1119,1.1383,0.0391,,,,,,,,,,,
-96,152070,499445,212565,382170,85007,353943,70013,106393,119380,1468,1.0709,0.0379,,,,,,,,,,,
-75,149536,325718,218186,367848,121707,422441,58753,166654,148556,863,1.0838,0.0421,,,,,,,,,,,
-97,163104,386734,255493,277228,105721,336171,108319,149031,131581,1709,1.1065,0.0386,,,,,,,,,,,
-76,74153,402406,202952,272511,130991,205196,117994,196128,90638,1456,1.2054,0.0407,,,,,,,,,,,
-96,148233,333836,270915,299364,87201,417961,125873,134570,163451,1166,0.9879,0.0385,,,,,,,,,,,
-96,146686,495823,184719,258328,155947,266147,76374,152728,70215,1844,1.074,0.0395,,,,,,,,,,,
-57,181542,473228,158688,442266,92000,473340,100567,159807,143450,1673,1.1024,0.0444,,,,,,,,,,,
-102,111304,408329,172437,284181,60842,418587,133716,154926,144237,1489,1.0029,0.0399,,,,,,,,,,,
-67,115530,346941,267155,404571,114478,319201,83207,187659,138064,1501,1.0586,0.0408,,,,,,,,,,,
-113,198503,540368,256564,231876,106840,386334,86608,158817,114722,1263,1.0298,0.0436,,,,,,,,,,,
-78,140561,398265,218260,369065,104807,297709,93284,176475,160294,1619,1.126,0.0381,,,,,,,,,,,
-86,129767,461060,210442,313793,64511,311181,80189,141835,146451,1209,1.0605,0.0445,,,,,,,,,,,
-86,168370,578759,249704,450878,130138,454238,122644,158947,149706,1818,1.0206,0.0405,,,,,,,,,,,
-94,120317,350905,218140,409840,93094,512291,77823,136211,150151,1288,1.0904,0.0399,,,,,,,,,,,
-84,152568,474499,145096,375665,130898,250249,145703,175010,129813,1463,1.0608,0.0366,,,,,,,,,,,
-88,220659,265845,261409,323520,131105,302654,100867,210646,159958,1271,1.1956,0.0418,,,,,,,,,,,
-72,153497,301540,160266,293583,124838,308429,76198,126924,116846,1701,1.0163,0.0405,,,,,,,,,,,
-77,221699,348740,179229,314350,137576,381622,121983,148766,116138,980,1.0646,0.0386,,,,,,,,,,,
-65,193404,366790,153932,370065,90291,332324,101343,220068,134358,1759,0.8991,0.0384,,,,,,,,,,,
-85,144833,383574,175849,336143,119305,242064,85263,157048,158648,1930,1.0207,0.0385,,,,,,,,,,,
-109,142815,421782,243239,458418,128466,322431,85995,132960,109103,1997,1.1028,0.0368,,,,,,,,,,,
-68,96793,527286,166999,322250,126582,323883,106928,85950,126748,1281,1.0681,0.0383,,,,,,,,,,,
-78,107529,417078,140017,373021,145388,315196,87309,203511,115514,1469,1.0865,0.041,,,,,,,,,,,
-60,174523,457122,161546,396069,121207,313148,125501,152764,113516,1218,1.0772,0.0418,,,,,,,,,,,
-105,202201,362590,226738,280519,101505,284615,87164,148899,126978,1459,1.0384,0.0431,,,,,,,,,,,
-82,209494,456665,142003,374411,158476,474002,137322,143663,106216,1784,1.0267,0.0365,,,,,,,,,,,
-98,174962,344818,197991,491950,126505,321380,108884,216725,142095,979,1.0887,0.039,,,,,,,,,,,
-93,187496,359826,234417,209569,101544,357107,90802,154861,92287,1303,1.0278,0.037,,,,,,,,,,,
-75,180167,387795,203703,273062,84326,307981,92683,164852,185839,1508,0.9742,0.0419,,,,,,,,,,,
-95,146048,360541,202318,323851,98116,426775,97916,126019,90193,1750,1.011,0.0403,,,,,,,,,,,
-81,157699,354076,222891,326811,152007,274269,129119,98645,145458,1800,1.0754,0.0391,,,,,,,,,,,
-92,180154,340573,250177,332322,106819,245393,84070,187099,172053,1471,1.1735,0.0418,,,,,,,,,,,
-95,200351,346086,261190,341525,114995,347438,104983,190894,133142,1307,1.0192,0.0405,,,,,,,,,,,
-98,147679,316124,165153,359006,121791,302840,103248,145712,122623,1691,1.1295,0.0402,,,,,,,,,,,
-74,176206,414477,235877,306728,99622,402470,109116,249764,117032,1560,1.0344,0.0384,,,,,,,,,,,
-107,168501,325565,174354,239783,112959,300043,119651,113779,129582,1496,1.1141,0.0397,,,,,,,,,,,
-103,187300,410259,215888,228356,120317,276232,108052,151610,140846,1646,1.0177,0.0394,,,,,,,,,,,
-62,156881,428308,220780,417916,100477,377029,87762,119013,134202,1275,1.0128,0.0371,,,,,,,,,,,
-106,149467,354154,160785,302149,120099,417968,97509,141523,144111,1422,1.0126,0.0392,,,,,,,,,,,
-110,134421,360285,197758,325634,76465,370035,66425,122791,125059,1442,0.8964,0.0396,,,,,,,,,,,
-90,175169,413968,256651,363601,105188,270723,112374,113374,107899,1585,1.055,0.0425,,,,,,,,,,,
-73,118862,368782,198115,413115,135803,422449,115687,136198,112471,1175,1.0128,0.042,,,,,,,,,,,
-91,111979,308658,248215,291024,99044,290075,62700,153780,145830,1300,1.0379,0.0386,,,,,,,,,,,
-106,200536,368245,224602,368938,84481,390871,109041,162044,120865,1652,0.959,0.0446,,,,,,,,,,,
-62,203069,316992,247590,297141,107695,451227,111463,156912,126437,1277,1.0666,0.0356,,,,,,,,,,,
-93,197671,387507,148767,330131,121925,330972,91781,129700,100252,1572,1.0794,0.0401,,,,,,,,,,,
-90,135888,443923,205291,321414,114298,315104,60079,141829,145187,1476,0.9685,0.042,,,,,,,,,,,
-69,141855,398125,232424,376028,101616,284730,87861,116928,134234,1606,1.0499,0.0367,,,,,,,,,,,
-97,167693,389431,143197,395171,137371,294144,154399,103416,142498,1358,1.0118,0.041,,,,,,,,,,,
-96,187713,432380,206426,275798,134752,358652,97617,195026,155385,1929,1.1251,0.0384,,,,,,,,,,,
-98,151184,301160,164106,316263,134377,420031,135138,145169,121611,944,1.0999,0.0399,,,,,,,,,,,
-120,161915,394459,184987,239091,95566,347248,112724,142508,85031,1700,1.0372,0.0402,,,,,,,,,,,
-69,184775,451019,236003,286112,119441,354396,103392,204617,96844,1543,0.9654,0.0395,,,,,,,,,,,
-77,165543,432476,209499,365614,145578,329622,118248,117820,137930,1790,1.0712,0.0385,,,,,,,,,,,
-79,124649,384841,150690,164735,127661,381385,100061,151667,119505,1414,1.1063,0.04,,,,,,,,,,,
-62,148313,643184,213007,358081,132343,368162,83697,159014,124305,1322,0.9785,0.0375,,,,,,,,,,,
-117,182332,437328,190857,228899,118856,346854,53696,187866,144289,1722,0.9934,0.0409,,,,,,,,,,,
-77,197092,479773,245176,418006,156342,240699,82209,125525,84828,1485,1.0546,0.0402,,,,,,,,,,,
-83,176517,397957,199253,269353,127105,358106,113516,83517,110935,1611,1.0705,0.0396,,,,,,,,,,,
-83,116510,331067,167251,391109,103467,324148,99582,154979,97000,1150,1.0532,0.036,,,,,,,,,,,
-56,207552,372577,151550,459268,68084,348765,107647,158773,105595,1268,1.1151,0.0416,,,,,,,,,,,
-62,88397,341563,202709,340236,162736,308747,70511,156652,107747,1285,1.0227,0.0425,,,,,,,,,,,
-89,171644,413774,210327,329323,131090,255764,69374,178726,117713,1186,1.0295,0.0353,,,,,,,,,,,
-50,116961,283320,240978,243448,123227,283397,88161,153538,121608,1762,1.0534,0.0406,,,,,,,,,,,
-102,113437,337588,253719,401764,89164,322428,111138,151142,112302,1616,1.1181,0.0377,,,,,,,,,,,
-55,138669,464177,271192,329486,128894,358640,79122,166932,115992,1578,1.0932,0.0421,,,,,,,,,,,
-80,161355,359983,236187,225026,113847,357629,126356,147214,125892,1721,1.0879,0.04,,,,,,,,,,,
-97,115461,527840,231824,273980,134090,374762,105811,152210,109729,1428,1.1859,0.0411,,,,,,,,,,,
-104,136883,391088,290418,416360,111793,333719,80404,103049,165078,1689,1.039,0.0388,,,,,,,,,,,
-57,152776,317096,138070,372799,71406,287267,93129,127491,118965,919,1.0124,0.0368,,,,,,,,,,,
-75,197110,543180,216178,305662,131767,339527,85690,113989,141183,1213,1.0529,0.0402,,,,,,,,,,,
-89,181724,341731,191087,300300,133273,392122,101142,155884,92216,1352,0.9542,0.0374,,,,,,,,,,,
-80,148224,375171,231445,482886,112895,400476,110940,143366,91018,1724,1.0217,0.038,,,,,,,,,,,
-110,147027,457005,152313,255885,137070,432695,85197,118136,142056,1905,1.1398,0.0382,,,,,,,,,,,
-78,194510,313791,198547,284722,131823,296059,112332,185032,127441,1108,1.0847,0.0428,,,,,,,,,,,
-91,184819,427253,200152,358242,76013,392773,83895,163806,124425,1373,1.0345,0.0415,,,,,,,,,,,
-87,168729,356920,261917,292903,132652,380901,139803,117423,118855,1597,1.0562,0.0399,,,,,,,,,,,
-94,150829,471109,269901,413891,107221,394471,89256,157097,135858,1144,1.1509,0.0391,,,,,,,,,,,
-84,195504,442361,288846,341222,91417,276515,82525,160347,137337,2104,1.0612,0.0386,,,,,,,,,,,
-99,135465,367121,169346,365539,129406,366929,99036,161576,78572,1435,1.0623,0.0434,,,,,,,,,,,
-57,154926,460303,235991,219062,112254,331980,82238,72747,113899,1135,1.0202,0.0414,,,,,,,,,,,
-90,199173,325222,231298,342028,97544,235245,98694,171097,105711,1155,1.0386,0.0428,,,,,,,,,,,
-67,150060,264239,237796,317863,139214,401075,87594,125184,136356,1595,1.1441,0.0384,,,,,,,,,,,
-112,201143,296401,182392,356467,101747,329001,97121,126207,158386,1447,0.9966,0.0393,,,,,,,,,,,
-89,173712,453700,175348,395381,77305,372137,113182,166402,178539,1294,1.0491,0.0403,,,,,,,,,,,
-86,188268,398072,264268,474646,103214,230691,127853,211629,138898,1742,1.0846,0.0418,,,,,,,,,,,
-85,184527,467819,216944,447476,83528,352601,100055,173790,90504,2255,0.9413,0.0427,,,,,,,,,,,
-93,171499,338553,199676,292295,115095,350414,84362,177338,141155,1998,0.9953,0.0388,,,,,,,,,,,
-99,168709,410609,247861,315003,111787,299826,92970,150808,185870,1534,1.0101,0.0402,,,,,,,,,,,
-122,179323,370016,232729,233418,128274,324215,111728,132906,126550,1707,1.065,0.0355,,,,,,,,,,,
-112,185040,330984,178136,381460,106155,361861,110568,213047,146068,1997,0.9301,0.0385,,,,,,,,,,,
-88,143409,376742,224275,295579,85634,301243,76612,114568,112052,890,1.039,0.041,,,,,,,,,,,
-110,144981,332400,206364,334009,89638,312287,59564,128365,130071,1298,1.1052,0.0389,,,,,,,,,,,
-94,123203,406582,187189,328503,94345,281809,94153,164621,128892,1112,0.9604,0.0371,,,,,,,,,,,
-90,181170,546656,193472,208616,129573,361148,97648,210934,125552,1720,1.0203,0.0389,,,,,,,,,,,
-104,160028,430349,202269,334055,94610,333093,101804,148718,141994,1012,1.1035,0.0374,,,,,,,,,,,
-111,177772,325914,179701,279459,93256,420402,93392,147890,110155,1646,1.0485,0.0399,,,,,,,,,,,
-138,170818,237357,215613,243264,61813,396277,105932,231168,157015,1263,1.0114,0.0397,,,,,,,,,,,
-90,153303,479012,177835,243095,135212,357379,128204,158981,115260,1867,1.0884,0.0401,,,,,,,,,,,
-77,194130,396146,203925,391698,83686,172705,90281,130930,93800,1762,1.012,0.0426,,,,,,,,,,,
-85,237165,295141,299853,456336,130617,409308,130915,131492,125425,1579,1.0101,0.0408,,,,,,,,,,,
-95,127902,371010,296033,441652,89611,397277,93102,123159,117306,1377,1.0954,0.0383,,,,,,,,,,,
-111,110042,514701,150746,331639,97277,269136,125926,115751,102330,1736,1.0965,0.0387,,,,,,,,,,,
-83,147448,463710,173982,314982,132740,398561,91750,105297,163116,1921,1.0547,0.0434,,,,,,,,,,,
-86,166329,421155,208575,310431,120090,277069,115245,149726,128637,1432,1.0712,0.0441,,,,,,,,,,,
-93,166132,387743,174564,195942,134311,482528,102859,167756,123044,1613,1.1578,0.0391,,,,,,,,,,,
-99,178500,504954,150012,311724,120295,283058,122465,117729,65261,1048,0.9867,0.0391,,,,,,,,,,,
-74,157893,331122,236148,237629,132347,350132,99944,153496,143189,1237,1.0936,0.0396,,,,,,,,,,,
-121,161046,465475,187539,370321,75779,372078,75685,139055,110584,1637,0.9855,0.042,,,,,,,,,,,
-90,131763,375216,177588,150477,120226,332427,86128,215905,98508,1568,1.0891,0.0401,,,,,,,,,,,
-90,177757,317678,226350,408507,117865,411812,109888,157960,96004,1338,1.0581,0.0402,,,,,,,,,,,
-87,168464,413768,238645,201637,86037,415008,85744,132280,151712,1742,1.0848,0.0383,,,,,,,,,,,
-80,135825,448946,269271,288815,95634,349860,53267,123345,90791,1677,1.0779,0.0381,,,,,,,,,,,
-113,146752,393613,147286,378923,89319,459296,80506,136472,154695,1628,1.001,0.0386,,,,,,,,,,,
-82,136743,360798,284507,321529,87006,277448,86903,200957,158720,1355,1.1301,0.0408,,,,,,,,,,,
-93,139489,401973,227227,287561,113594,277044,92847,145048,170300,1430,1.0887,0.0388,,,,,,,,,,,
-97,147043,460671,150831,319894,112830,325813,109481,126096,99328,1549,1.0767,0.0409,,,,,,,,,,,
-112,119247,429232,179305,390443,91456,333562,98945,188268,137451,1143,1.0406,0.0365,,,,,,,,,,,
-93,164167,304137,179243,321506,108071,382099,100535,175554,159079,1464,1.0507,0.0407,,,,,,,,,,,
-68,182064,328260,176441,356998,163218,262807,109096,146041,166738,1473,0.9741,0.042,,,,,,,,,,,
-107,188170,498371,162774,388596,106418,289368,96748,180332,125191,1515,1.0343,0.039,,,,,,,,,,,
-102,151882,277821,175307,324938,81789,298274,86491,131596,139678,1560,0.9832,0.0371,,,,,,,,,,,
-97,203941,377717,206377,292353,114258,466379,97507,142820,136758,1622,1.1633,0.041,,,,,,,,,,,
-85,176462,507173,237967,389086,104086,294318,112271,136320,132341,1263,1.0247,0.0364,,,,,,,,,,,
-83,164782,490342,187187,314541,114009,399982,115617,127986,126611,1527,1.1077,0.0379,,,,,,,,,,,
-93,148978,360506,201924,252828,104651,297644,105272,128873,157172,1045,0.9899,0.0377,,,,,,,,,,,
-91,172932,375743,193798,343944,119140,423407,93436,130449,116340,1795,0.9834,0.0418,,,,,,,,,,,
-79,164978,363092,293932,335305,111213,435272,97436,152965,147794,1185,1.0974,0.0392,,,,,,,,,,,
-126,168651,424667,133317,333351,127489,300758,91713,144473,149464,1609,1.0815,0.036,,,,,,,,,,,
-70,99804,358829,144148,391660,126474,260474,79883,170033,164720,1462,1.0533,0.0389,,,,,,,,,,,
-101,149188,408300,116250,392754,117544,465026,62594,126373,148516,1866,0.9779,0.043,,,,,,,,,,,
-98,134290,372119,224887,334574,112975,357789,122552,197425,155757,1024,0.9805,0.0434,,,,,,,,,,,
-72,163292,512518,209324,295889,135663,395210,82410,134631,125091,1959,1.086,0.0427,,,,,,,,,,,
-87,198673,373035,150284,190436,115793,346258,96396,143899,137320,1439,1.0532,0.0378,,,,,,,,,,,
-85,169785,270770,184006,336700,93000,316680,83625,77708,100737,1185,1.08,0.0336,,,,,,,,,,,
-83,196440,404742,160492,215599,117988,315484,92926,137852,115652,1453,1.0581,0.0388,,,,,,,,,,,
-70,161984,390900,155392,310587,115418,308317,95627,137720,115095,517,1.0741,0.0398,,,,,,,,,,,
-142,153545,472196,152825,345133,143586,177717,70892,186396,152472,1357,1.1328,0.0381,,,,,,,,,,,
-81,191321,418881,184257,342465,89757,371799,135165,122598,121415,1557,1.0154,0.038,,,,,,,,,,,
-113,120666,397776,232673,368116,95094,410044,104372,99245,139824,1777,0.9965,0.039,,,,,,,,,,,
-96,191596,324811,170663,260226,101800,221786,89658,140788,150929,1216,1.0578,0.0405,,,,,,,,,,,
-109,216668,531926,172445,440998,111700,370022,118088,198261,113699,1133,1.1383,0.0382,,,,,,,,,,,
-79,196212,218403,172045,306732,84335,424700,85594,124093,120219,1462,1.0405,0.0374,,,,,,,,,,,
-78,205085,437893,170120,459773,83634,306230,107227,164602,125487,1661,1.0146,0.0415,,,,,,,,,,,
-101,145187,301256,147506,338533,98874,522037,96220,186364,125771,1841,0.9436,0.0405,,,,,,,,,,,
-113,130340,325462,215888,248074,105452,465477,91855,143284,68988,1785,1.0126,0.0416,,,,,,,,,,,
-100,100775,277466,211465,255900,55066,391827,99300,171143,79935,1521,1.1205,0.0392,,,,,,,,,,,
-69,173267,235193,233882,289086,109665,313316,90707,114582,88397,1822,1.0954,0.0367,,,,,,,,,,,
-100,182284,252079,156293,294984,95381,301959,85794,153300,98981,1465,0.9745,0.0367,,,,,,,,,,,
-98,191022,361526,132006,351099,154530,343917,106852,149094,105835,1846,1.1136,0.0377,,,,,,,,,,,
-92,177371,327813,184276,330788,62686,268272,125000,99120,129353,1846,0.9794,0.0384,,,,,,,,,,,
-92,168611,319569,177186,454638,126936,391677,79731,175535,139049,1715,1.0566,0.0394,,,,,,,,,,,
-81,176878,415600,234093,304434,93768,353976,101866,179576,151683,1069,1.0319,0.0395,,,,,,,,,,,
-107,171427,453969,238425,252691,78750,496756,108627,132788,158639,1394,1.0445,0.0379,,,,,,,,,,,
-87,164640,425246,158509,388030,104042,402244,102433,149079,181203,1374,1.0099,0.0397,,,,,,,,,,,
-56,199264,403202,218604,264202,117016,438981,126975,128112,144597,1558,1.0364,0.0398,,,,,,,,,,,
-102,169108,430358,179711,471086,84350,290599,92546,186311,154266,1221,1.0071,0.0385,,,,,,,,,,,
-81,154086,353808,195884,237935,99876,317635,147978,147650,110608,1165,1.0026,0.04,,,,,,,,,,,
-78,205115,488972,219481,356596,91994,421283,97417,143481,192389,1160,1.0609,0.0389,,,,,,,,,,,
-110,144775,369786,199743,311958,126237,455077,72310,126015,203708,684,1.021,0.0437,,,,,,,,,,,
-114,120756,336384,165119,397274,125303,266661,100639,146095,100773,1334,1.1222,0.04,,,,,,,,,,,
-105,141557,546454,148581,428855,115419,312858,63677,181665,128913,1356,1.1204,0.0387,,,,,,,,,,,
-62,224951,497229,111133,248163,124052,332961,76426,100715,128199,1270,1.0764,0.0397,,,,,,,,,,,
-78,169744,283818,214145,269235,77579,339923,95206,88190,118404,1029,1.1361,0.0398,,,,,,,,,,,
-96,163050,381044,221814,382569,137426,305500,93843,110125,127738,1212,1.139,0.0376,,,,,,,,,,,
-88,150092,342058,200519,202427,103442,283431,79600,155544,119314,1393,1.009,0.0382,,,,,,,,,,,
-100,117725,395844,292641,370803,123173,334700,102776,174188,118957,1697,1.0895,0.0401,,,,,,,,,,,
-104,151719,394754,274181,365628,105411,491752,111498,221885,113386,1878,1.027,0.0439,,,,,,,,,,,
-92,191099,379330,191094,398426,65006,264028,135444,151724,110494,897,1.0862,0.0411,,,,,,,,,,,
-100,196476,304033,213986,320107,80451,289228,114759,163156,119885,1327,1.0428,0.0425,,,,,,,,,,,
-98,193030,501551,220929,357079,110913,286405,107128,113141,70549,1607,1.1075,0.0381,,,,,,,,,,,
-85,196458,412144,190076,250400,123485,349046,96314,152868,151706,1179,1.1302,0.0355,,,,,,,,,,,
-84,189910,404139,140377,476428,94976,373919,113184,159941,123088,1470,1.0824,0.0413,,,,,,,,,,,
-93,106456,442963,127324,444859,70854,293921,93486,169647,136449,1301,1.0511,0.0413,,,,,,,,,,,
-89,168578,374033,202109,240409,83240,353896,85686,158691,139028,1649,1.069,0.0402,,,,,,,,,,,
-80,150256,265247,136142,309160,80030,289665,100007,177186,133460,1667,1.0108,0.0377,,,,,,,,,,,
-95,152702,353644,232575,344125,127416,359788,76299,170312,102308,1797,0.9912,0.0382,,,,,,,,,,,
-114,196053,336590,241703,441047,114106,393127,119403,124625,165729,1955,0.9994,0.0404,,,,,,,,,,,
-69,132666,457937,244827,291097,125467,338423,88148,147637,123240,1632,1.0629,0.039,,,,,,,,,,,
-130,196020,427880,159547,310104,127733,326604,93254,145642,172547,1531,1.1061,0.0363,,,,,,,,,,,
-116,185554,394591,235102,297451,129235,333219,105917,179010,205161,2097,1.066,0.042,,,,,,,,,,,
-83,165170,439972,208941,369762,90768,384021,77665,183631,80285,1563,1.1477,0.0398,,,,,,,,,,,
-131,129437,346320,252909,369470,117962,235252,78911,79947,163015,1465,1.1408,0.0422,,,,,,,,,,,
-101,135010,392775,177301,360350,109051,369605,82090,122803,148144,1475,1.0661,0.0408,,,,,,,,,,,
-85,129772,416020,186941,330356,104433,429596,61008,134955,96559,2110,1.0199,0.0392,,,,,,,,,,,
-82,172199,473940,191506,403433,134362,400074,95468,159974,119988,1146,1.0865,0.0397,,,,,,,,,,,
-101,171356,348771,218867,281049,88806,395043,104482,93352,89318,1527,1.0752,0.0416,,,,,,,,,,,
-59,152572,374983,176533,225573,125794,351458,120566,151443,90765,1398,1.047,0.0407,,,,,,,,,,,
-106,129911,289667,229248,355888,106667,351398,109486,127217,164859,1383,0.9898,0.0379,,,,,,,,,,,
-83,123838,298535,174713,252212,73877,261478,58990,190192,143544,1787,1.1167,0.0418,,,,,,,,,,,
-74,193123,371477,271338,327026,121833,410107,116811,138212,181442,1856,0.9999,0.0413,,,,,,,,,,,
-79,165842,319453,271515,372735,137340,372776,73297,96519,146639,1509,1.0257,0.0401,,,,,,,,,,,
-91,189338,349215,166575,363880,80801,283691,104132,140653,155426,1312,1.1485,0.0431,,,,,,,,,,,
-117,174965,384496,192989,309225,124417,417169,107312,209773,128925,1243,1.0775,0.0376,,,,,,,,,,,
-71,119619,474019,205542,246573,112797,304887,98357,128684,117430,1687,1.1033,0.0385,,,,,,,,,,,
-85,184267,367834,302791,300496,75123,364268,112324,109495,134796,1261,1.0837,0.0441,,,,,,,,,,,
-68,152506,487414,220501,225188,70929,354650,129418,140815,129060,1141,0.9877,0.0414,,,,,,,,,,,
-106,168114,291565,216377,176644,122376,225765,91372,145183,136758,1126,1.1063,0.0411,,,,,,,,,,,
-56,159998,322351,198271,311000,80340,300287,100624,107724,75808,1563,1.1329,0.0368,,,,,,,,,,,
-103,141772,449549,197099,359447,80699,356914,87052,143184,135769,1549,1.0392,0.0425,,,,,,,,,,,
-86,161360,391878,269001,281428,142902,401003,76999,159410,124994,1145,0.9389,0.041,,,,,,,,,,,
-95,173285,339456,130934,272422,129156,399647,95481,171052,118443,1742,1.0928,0.0394,,,,,,,,,,,
-77,117613,378930,212687,318338,114348,361109,124497,149036,103562,1566,1.0761,0.0375,,,,,,,,,,,
-89,178019,393972,210546,296539,124569,383524,88984,161085,145923,1345,1.149,0.0408,,,,,,,,,,,
-81,215739,464835,199718,260115,155576,270750,102812,229381,145420,1164,1.0574,0.0414,,,,,,,,,,,
-85,199129,421441,186975,375545,87549,357711,91402,138872,166870,863,1.0674,0.0377,,,,,,,,,,,
-102,154179,385980,298609,282925,82925,272100,107429,112336,126901,1380,1.0592,0.039,,,,,,,,,,,
-116,199586,515449,211616,389853,82866,339489,118603,180961,107102,1540,0.9636,0.0422,,,,,,,,,,,
-88,167950,383759,191640,244422,131118,321086,86020,149149,161354,1558,0.9458,0.0423,,,,,,,,,,,
-96,182817,385315,189039,275095,121962,351608,86047,191455,110985,1673,1.0753,0.0434,,,,,,,,,,,
-71,178360,453258,227051,218194,110788,400730,98473,151556,196204,1354,1.024,0.0407,,,,,,,,,,,
-86,166388,524003,206745,126526,65857,293226,92106,194796,204863,1597,1.0042,0.0398,,,,,,,,,,,
-85,183606,461865,204593,413314,112162,435202,40296,211388,154336,1824,1.0742,0.0408,,,,,,,,,,,
-79,197926,370760,274680,292063,50269,437049,103316,103168,161246,1417,0.9164,0.0398,,,,,,,,,,,
-92,152936,356889,285449,294219,114190,275533,92567,107753,118503,1503,1.0142,0.0352,,,,,,,,,,,
-95,153559,423743,210057,227320,90883,400499,104829,204982,119658,1786,1.0117,0.0391,,,,,,,,,,,
-100,166951,377357,170579,456626,98161,330217,44894,131040,165502,909,0.9344,0.0377,,,,,,,,,,,
-91,164130,414180,205172,349310,76518,365143,119996,141889,94557,1409,1.1133,0.0391,,,,,,,,,,,
-111,151335,385314,186056,351711,103480,297447,103424,154291,128231,1223,1.1075,0.0385,,,,,,,,,,,
-90,187179,334555,274601,298578,93956,314994,86057,175354,155343,1667,1.08,0.0408,,,,,,,,,,,
-99,188489,457077,256298,218124,112540,225665,96649,97087,127338,1338,1.0861,0.0404,,,,,,,,,,,
-101,132708,457480,149941,246654,114169,257869,115021,116229,145877,1915,1.1088,0.0387,,,,,,,,,,,
-92,215836,328780,137734,391131,127419,350954,118729,189603,118358,1572,1.062,0.0404,,,,,,,,,,,
-71,148028,299232,123592,297225,92016,296635,102242,174775,81720,1396,1.0055,0.0365,,,,,,,,,,,
-89,144873,389938,173303,378496,67219,270560,101712,168479,130230,1551,1.1405,0.0381,,,,,,,,,,,
-89,195764,476197,173943,307695,116060,243869,110583,133461,99285,1439,0.9855,0.0416,,,,,,,,,,,
-61,147625,209273,215532,308713,115526,277248,103637,120615,136063,1955,1.0831,0.0422,,,,,,,,,,,
-61,160011,393784,154197,256135,73649,276229,57387,143924,132455,1433,1.0714,0.0404,,,,,,,,,,,
-69,175785,494774,233858,303352,83478,320577,126221,168187,126157,1560,1.0475,0.0424,,,,,,,,,,,
-94,127661,456629,130752,309165,105963,333547,92991,125524,161379,1532,1.1148,0.0356,,,,,,,,,,,
-90,170647,317094,218358,239054,97230,267689,90557,199950,135080,1261,1.0734,0.0423,,,,,,,,,,,
-111,169159,497916,174986,211859,118531,386201,97954,136941,112671,1603,1.0911,0.0416,,,,,,,,,,,
-72,207876,355149,221606,167738,83248,551608,66932,133868,127925,1480,1.0626,0.0389,,,,,,,,,,,
-51,184168,430571,284362,232568,152029,338244,80142,109093,103945,1715,1.0217,0.0375,,,,,,,,,,,
-80,160544,348138,227437,326109,94887,392837,118936,168522,91956,1238,1.0963,0.0385,,,,,,,,,,,
-70,116002,389816,206624,373799,112696,206466,107788,113838,129370,1160,0.973,0.039,,,,,,,,,,,
-109,128563,408161,190490,318992,108265,312795,110144,199972,175723,1454,1.0322,0.0395,,,,,,,,,,,
-102,117013,448265,231342,253509,117763,408116,121830,132856,107088,1279,1.0658,0.042,,,,,,,,,,,
-72,165730,369518,235714,333318,142169,435567,80641,117370,96470,1700,1.0776,0.0403,,,,,,,,,,,
-119,177581,449322,206830,335589,108332,296426,120416,144639,104506,1657,1.0277,0.0426,,,,,,,,,,,
-81,93629,389342,225357,249736,68008,292626,59819,168772,142319,1680,0.983,0.0371,,,,,,,,,,,
-67,179806,328087,214779,261848,88421,339727,70788,122167,130672,1011,1.0574,0.0389,,,,,,,,,,,
-125,158345,454905,211130,310403,120479,404825,104969,211185,92745,1079,0.9984,0.0407,,,,,,,,,,,
-70,71676,379716,144420,326394,113727,319409,112497,197151,124344,1647,1.0972,0.0447,,,,,,,,,,,
-97,155793,382217,171388,399396,112163,224913,64911,159081,146180,1666,1.0671,0.039,,,,,,,,,,,
-99,154587,317387,196011,257585,114742,266317,64410,96463,130698,1231,1.023,0.0409,,,,,,,,,,,
-79,165440,348435,192750,300877,98550,388281,102630,113926,105285,1543,1.0947,0.0396,,,,,,,,,,,
-85,149742,503417,194595,208957,113180,401979,106811,186767,122260,1463,1.1669,0.041,,,,,,,,,,,
-76,142712,412390,277487,301355,89167,328490,78534,133391,147197,2013,1.1104,0.0423,,,,,,,,,,,
-101,139394,446013,157633,327084,112032,448649,67401,148180,116307,1458,1.0193,0.0364,,,,,,,,,,,
-117,194338,354397,209766,393439,97284,340398,105585,156454,113442,799,1.1416,0.0454,,,,,,,,,,,
-90,128829,265803,175724,176240,120384,356089,55566,187820,92420,1584,1.0846,0.0434,,,,,,,,,,,
-80,111613,502710,316773,288145,138970,385461,122331,112463,148579,1658,1.0903,0.0404,,,,,,,,,,,
-70,170462,498154,139467,348103,105248,503408,118026,115406,103766,1223,1.0793,0.0393,,,,,,,,,,,
-83,131622,430261,170343,390724,81415,374672,72142,124039,124000,1732,1.0297,0.0386,,,,,,,,,,,
-83,126322,410784,167743,475659,124013,274729,121563,164617,155704,1084,1.0251,0.0389,,,,,,,,,,,
-66,111427,610623,190871,344376,116161,275102,93826,131440,179968,1183,1.187,0.0388,,,,,,,,,,,
-57,134800,360573,150170,344059,112164,322015,82530,169909,67228,1976,1.0754,0.0408,,,,,,,,,,,
-37,138941,393254,164553,247047,88614,365727,86153,113775,136454,1100,1.1429,0.0411,,,,,,,,,,,
-116,211379,553709,191183,363759,86732,308001,107500,95762,114657,542,1.1087,0.0392,,,,,,,,,,,
-114,212755,402116,189136,297034,123978,269621,73092,124220,125998,1469,1.1959,0.0369,,,,,,,,,,,
-89,162018,437077,130284,244625,134512,248657,111252,168085,111469,1640,1.0921,0.0376,,,,,,,,,,,
-85,220032,363237,182129,337270,123118,218975,90298,86947,145832,925,1.1043,0.0415,,,,,,,,,,,
-73,206092,403998,197482,425634,132939,368136,74264,158567,91634,1460,1.0467,0.0373,,,,,,,,,,,
-118,118447,411691,172632,231283,97876,284170,77223,134510,89650,1453,1.0662,0.0369,,,,,,,,,,,
-55,126653,304842,203090,324682,103500,116230,72523,128555,143136,1953,1.1305,0.0365,,,,,,,,,,,
-63,167297,489934,232940,301436,142439,336600,119004,151831,196529,2001,1.0584,0.0405,,,,,,,,,,,
-96,163128,333050,236910,284044,104686,348356,115704,133602,124243,992,1.0516,0.037,,,,,,,,,,,
-62,156987,310792,252854,347401,122340,218697,123085,186014,120734,1579,1.1597,0.0411,,,,,,,,,,,
-98,167208,352054,186932,302600,135919,295532,93075,155013,184336,1247,1.0579,0.0409,,,,,,,,,,,
-91,214969,370084,183821,290914,92657,469053,63821,146086,126763,1667,1.0889,0.0381,,,,,,,,,,,
-100,141606,340090,238285,461689,91238,346730,100273,167478,152378,1749,1.057,0.0403,,,,,,,,,,,
-85,202964,441079,185472,246894,95596,251346,108055,137509,57436,782,1.0942,0.0395,,,,,,,,,,,
-107,172275,363860,226312,340395,119589,423482,59689,144193,123425,1793,1.0875,0.042,,,,,,,,,,,
-88,156660,323322,178826,378556,131682,393741,100440,170340,120751,1794,1.1413,0.0403,,,,,,,,,,,
-87,90348,444033,185439,250174,121316,387087,126715,181641,164590,1381,1.0058,0.0421,,,,,,,,,,,
-75,175523,303665,246069,293411,111854,418027,121001,127956,108333,1960,0.958,0.0358,,,,,,,,,,,
-100,176749,384526,272409,393354,86827,406431,105347,194313,89667,1833,1.0832,0.04,,,,,,,,,,,
-105,167845,408493,277443,171470,104986,453465,89190,168242,155160,1541,1.0109,0.0368,,,,,,,,,,,
-19,148532,542560,192087,354919,126502,191310,90734,83758,80065,1544,1.0208,0.037,,,,,,,,,,,
-103,149505,438503,174940,285268,102461,434389,96473,103569,193197,816,1.0806,0.0375,,,,,,,,,,,
-100,154669,529746,194706,286424,143557,378667,103198,112481,107086,1698,1.0458,0.0408,,,,,,,,,,,
-107,199703,226886,211549,369880,145004,311803,95098,150621,84004,1221,1.0983,0.0389,,,,,,,,,,,
-76,221202,384778,208396,261689,111973,269130,82195,125734,148097,1418,0.9993,0.0396,,,,,,,,,,,
-66,194891,479313,256708,437006,107741,436212,109258,140657,138564,2118,1.0034,0.039,,,,,,,,,,,
-65,132332,367377,189637,359288,85814,289928,131264,112524,125406,2055,1.0704,0.0371,,,,,,,,,,,
-32,128720,371521,136231,285587,73441,194644,109245,112969,187984,642,1.0499,0.0432,,,,,,,,,,,
-54,124109,323263,208113,304543,131481,347926,127997,190312,152691,1269,1.1301,0.0439,,,,,,,,,,,
-104,175131,356503,247840,409570,146274,419670,82363,167360,129289,1817,1.0702,0.0371,,,,,,,,,,,
-97,159705,416064,199590,358036,80523,302080,115811,129955,96535,1444,1.1294,0.0375,,,,,,,,,,,
-97,165721,435860,218416,386609,145444,445645,103965,113597,165793,1785,1.0804,0.0382,,,,,,,,,,,
-44,144788,344716,153512,160899,70689,389578,88012,193275,94376,1245,1.0726,0.0398,,,,,,,,,,,
-92,218338,459427,197171,355669,99395,298269,92279,199251,144215,1541,1.0248,0.042,,,,,,,,,,,
-94,171374,397843,203427,336279,116545,381294,75694,175115,172698,1553,1.0566,0.0386,,,,,,,,,,,
-107,166022,312284,235374,356396,66393,463858,90562,149354,138284,1915,1.061,0.041,,,,,,,,,,,
-83,158950,261081,116054,309132,115420,314991,108817,126963,162526,1394,0.9099,0.0402,,,,,,,,,,,
-87,160915,289778,214080,229682,92081,318158,98760,149543,125343,1446,1.0444,0.0413,,,,,,,,,,,
-103,182658,361573,278310,364368,130855,341693,87096,206693,117867,1605,1.0804,0.0418,,,,,,,,,,,
-83,175818,430364,211075,304765,131651,333779,130688,156624,202028,1380,1.0562,0.0363,,,,,,,,,,,
-74,162696,285992,218307,215676,106578,284661,95411,176864,135484,1489,1.0725,0.0418,,,,,,,,,,,
-109,161737,392493,190590,275503,118629,408518,55624,169891,118410,1887,1.1699,0.0381,,,,,,,,,,,
-80,190159,132867,180963,303283,93234,317918,83811,151429,114877,1704,1.1267,0.041,,,,,,,,,,,
-85,207276,474998,176097,329646,105756,317712,102190,146581,123990,1056,1.0961,0.0392,,,,,,,,,,,
-115,112666,401016,160881,317401,122354,489903,92822,118721,77015,1515,1.0614,0.0394,,,,,,,,,,,
-84,127984,409899,151433,281731,105104,288978,88264,165329,122745,1652,1.0091,0.0404,,,,,,,,,,,
-96,210241,254907,244659,413694,146693,409188,109937,188839,112529,1171,1.0273,0.0378,,,,,,,,,,,
-96,128667,396858,278501,342945,129928,348443,103313,151408,104665,1141,1.1882,0.0364,,,,,,,,,,,
-113,155244,341020,197238,351574,114363,291136,81348,183357,102847,1530,0.9822,0.0408,,,,,,,,,,,
-93,149778,523626,200967,308955,85913,550056,116525,190521,137313,1489,1.0674,0.0387,,,,,,,,,,,
-99,165594,568211,156978,295944,104274,395667,113665,187524,116172,974,1.107,0.0406,,,,,,,,,,,
-71,182124,347662,190061,293374,105189,325600,91441,148122,135256,1298,1.088,0.0391,,,,,,,,,,,
-68,157902,400700,229740,401528,100805,442294,92944,176697,125409,1360,1.027,0.0381,,,,,,,,,,,
-101,114823,383605,197056,347933,152829,301455,78154,172075,114005,1459,1.0536,0.0394,,,,,,,,,,,
-84,175011,330796,227589,314550,114190,344635,116545,115778,144952,2191,0.9854,0.0387,,,,,,,,,,,
-91,138721,410848,208344,329198,121420,307421,74707,145451,152455,1471,1.0627,0.0417,,,,,,,,,,,
-107,178153,490051,142494,245159,110017,289093,107935,144741,145298,817,1.1115,0.0378,,,,,,,,,,,
-71,199797,428922,217145,412940,125123,344457,88220,132976,190265,1445,0.9916,0.038,,,,,,,,,,,
-103,197790,274197,161441,372205,89008,182796,96926,136900,123312,1154,1.0159,0.0397,,,,,,,,,,,
-97,184130,347435,244807,169258,62056,375366,106696,156439,127462,1577,1.0717,0.0366,,,,,,,,,,,
-93,134183,514758,214563,388216,104863,248316,114781,226770,160233,1845,1.0956,0.0373,,,,,,,,,,,
-91,115295,347909,174975,373370,124189,357508,72475,192876,135144,1363,1.0456,0.042,,,,,,,,,,,
-95,110601,306337,197494,246212,117850,320373,92985,135233,169178,1601,1.0903,0.0414,,,,,,,,,,,
-108,142752,387188,204323,397962,122968,460828,82533,141026,104268,1942,1.0174,0.0419,,,,,,,,,,,
-102,126416,385380,176068,260230,119408,504003,128420,137286,98236,1580,1.0927,0.0431,,,,,,,,,,,
-111,190115,415264,180798,273186,106863,397634,79150,133589,102200,1495,1.1026,0.0396,,,,,,,,,,,
-72,166822,471789,214508,366283,99587,379600,93875,121972,103199,1705,1.0556,0.042,,,,,,,,,,,
-82,131037,446656,135459,331566,105868,330472,123879,125592,166395,1071,1.1415,0.0377,,,,,,,,,,,
-115,262358,333604,252271,312252,83059,232578,75298,123666,137169,2062,1.122,0.0399,,,,,,,,,,,
-47,195158,511271,209515,266887,94466,335111,105320,169882,126182,1852,1.1356,0.0407,,,,,,,,,,,
-100,158615,401107,206391,247208,111218,369437,111992,123264,139204,1490,1.1201,0.04,,,,,,,,,,,
-102,152468,457606,254151,330530,105704,403810,115265,134714,133092,1787,0.9705,0.0376,,,,,,,,,,,
-106,174592,338062,222038,333586,84958,437124,63693,100929,130281,1581,1.1144,0.0436,,,,,,,,,,,
-63,135055,424753,173099,278658,130780,245597,93073,187600,179872,1332,0.9998,0.0417,,,,,,,,,,,
-91,103909,485541,190847,292688,124629,316151,73366,178582,170235,1501,1.0252,0.04,,,,,,,,,,,
-102,179752,424067,226637,375100,107577,364798,119508,188111,168125,2047,1.0682,0.0414,,,,,,,,,,,
-83,130439,275226,159309,357606,96016,390498,110963,165874,132373,1678,0.9785,0.0415,,,,,,,,,,,
-109,130108,369347,131443,360263,133457,216607,103578,81515,158586,2247,0.9307,0.0395,,,,,,,,,,,
-89,124184,291007,176744,329063,108896,316149,99281,143369,128942,1152,1.0964,0.0447,,,,,,,,,,,
-103,198198,429285,197499,208142,60622,277308,117752,205710,139967,1272,1.0184,0.0397,,,,,,,,,,,
-106,159915,263207,189880,385852,98915,467232,119098,147436,73840,1446,1.1771,0.0405,,,,,,,,,,,
-83,137716,351415,179167,406851,94155,258141,96712,157230,167657,1420,1.1386,0.0386,,,,,,,,,,,
-99,169013,442651,239604,402158,95353,302925,109339,180476,126760,1395,0.9947,0.036,,,,,,,,,,,
-97,189132,276441,203876,225301,104649,303813,81702,128629,126396,1446,1.0789,0.0345,,,,,,,,,,,
-100,131475,410210,179311,294048,100187,333498,98596,111670,135521,1281,1.0002,0.0381,,,,,,,,,,,
-112,153134,400562,241624,332062,84291,196064,148115,187292,122965,1556,1.1095,0.0452,,,,,,,,,,,
-86,121633,383008,194764,332580,91809,341703,105474,141178,100478,1474,1.0004,0.0378,,,,,,,,,,,
-80,130063,327228,169996,236215,124075,482222,80443,173232,134464,1642,1.0568,0.0441,,,,,,,,,,,
-101,142031,393863,164572,215696,82119,334169,94607,164639,118809,1440,1.03,0.0404,,,,,,,,,,,
-78,144325,471863,272531,420621,98457,340355,107986,163917,104665,1417,0.9844,0.0373,,,,,,,,,,,
-107,142762,396519,160664,244588,150839,380200,86347,161854,109333,1488,1.011,0.0419,,,,,,,,,,,
-95,127049,256308,187645,366652,105941,397137,99696,144692,109449,1729,1.0909,0.0372,,,,,,,,,,,
-107,205109,341121,198648,250454,96895,264715,85463,138641,99765,1682,0.9983,0.0417,,,,,,,,,,,
-95,174320,309633,210754,284044,82770,246177,95696,153490,105008,912,0.9957,0.0411,,,,,,,,,,,
-93,222994,411844,202478,312569,117313,426018,114160,103585,169185,1663,1.0313,0.0392,,,,,,,,,,,
-86,150149,407624,193470,326794,103998,381959,103388,173710,137679,1285,1.1484,0.0391,,,,,,,,,,,
-81,173360,360116,192626,335779,102604,375755,83175,183469,91328,1306,1.0654,0.0399,,,,,,,,,,,
-100,102871,414171,204384,263733,96741,329850,79111,176695,128806,1459,1.1233,0.0405,,,,,,,,,,,
-122,199714,329282,238674,329441,136491,469444,130609,150459,127074,1747,1.0892,0.0385,,,,,,,,,,,
-76,154268,422337,289447,232627,99882,250525,111446,172181,153350,1230,1.0681,0.0391,,,,,,,,,,,
-75,173805,433259,206560,330796,142582,394755,104250,212307,110524,1367,1.0461,0.0372,,,,,,,,,,,
-102,145417,458018,211457,263991,110093,437255,77919,183098,110628,1614,1.0124,0.0375,,,,,,,,,,,
-89,169233,362555,268750,397851,124601,256846,74230,127416,144628,1009,1.0866,0.0408,,,,,,,,,,,
-73,151644,442081,137363,245642,82675,338612,85069,198496,178275,1444,1.0595,0.0422,,,,,,,,,,,
-106,189822,337448,155974,389774,117632,347498,89958,146888,84891,1471,1.0162,0.0397,,,,,,,,,,,
-105,146596,417395,193676,410920,140862,417408,78933,158355,121401,1444,1.0061,0.0398,,,,,,,,,,,
-94,167048,509887,227276,274174,124458,341212,110760,124006,150298,1568,1.0348,0.0386,,,,,,,,,,,
-61,110480,369112,221883,284919,154712,498550,98830,143048,128537,1226,0.9745,0.0399,,,,,,,,,,,
-88,115648,424781,215122,348947,136834,359102,70287,115835,93354,1195,1.0295,0.0444,,,,,,,,,,,
-89,125545,494618,182103,341235,110735,363023,91959,101399,100554,1241,1.0202,0.041,,,,,,,,,,,
-77,136828,392929,168520,374388,78535,335131,113621,160344,162206,1432,1.0881,0.0414,,,,,,,,,,,
-68,155031,318562,228099,301861,123770,341231,99178,147164,142913,1560,1.1098,0.0393,,,,,,,,,,,
-93,181570,421638,201277,382387,81683,261432,59674,152607,134990,1413,1.0547,0.0404,,,,,,,,,,,
-54,97465,522186,177994,438290,71023,339177,87707,167122,117597,1456,1.0799,0.0356,,,,,,,,,,,
-81,170866,285939,179829,438405,69989,293831,106274,178036,156559,1491,1.1044,0.0407,,,,,,,,,,,
-114,177532,389689,211930,425603,84808,282001,90680,193446,86557,990,0.97,0.0376,,,,,,,,,,,
-110,220250,392701,193206,292397,109249,372664,60899,142057,108240,1826,1.0303,0.0421,,,,,,,,,,,
-90,163284,295748,156588,396451,82570,319158,73044,141886,118857,1890,1.1371,0.0391,,,,,,,,,,,
-116,120348,337690,213545,247584,107977,422983,70162,152687,136404,1764,1.0866,0.043,,,,,,,,,,,
-85,139244,273468,158888,373011,84443,286724,73491,164595,192153,1852,1.0398,0.0422,,,,,,,,,,,
-103,195756,386677,166649,185751,69107,311776,69969,102823,137046,1374,1.0627,0.0394,,,,,,,,,,,
-104,142547,421067,278762,285137,124706,397775,45263,177344,98040,1049,1.0627,0.0403,,,,,,,,,,,
-112,196643,336785,199487,234824,93365,396827,99118,136010,98093,1265,0.9699,0.0358,,,,,,,,,,,
-79,167410,422649,215984,375277,102804,446983,107763,132063,159790,1499,1.0002,0.0403,,,,,,,,,,,
-110,189617,372428,229735,287279,130317,284225,68664,163296,77194,1359,1.0843,0.0416,,,,,,,,,,,
-98,175824,398756,178995,422229,109757,336295,79290,155953,126417,1291,1.1074,0.0434,,,,,,,,,,,
-135,128841,277410,255692,266140,81259,276083,67778,166240,131266,1949,1.0807,0.0356,,,,,,,,,,,
-122,212702,565775,169254,350981,141736,198915,77291,193405,108021,1757,1.0294,0.0418,,,,,,,,,,,
-126,141915,382703,247998,383974,90875,351660,114433,186514,69808,1322,1.0677,0.0403,,,,,,,,,,,
-66,117600,353538,276740,289317,91719,375741,86780,177452,117898,1286,1.0796,0.0394,,,,,,,,,,,
-69,225020,432845,271138,233891,63223,400530,89534,135202,149888,1531,1.0899,0.0388,,,,,,,,,,,
-131,143211,340684,199145,367496,74905,486923,95374,218687,150491,1494,1.0131,0.041,,,,,,,,,,,
-86,183703,256885,250161,305963,98654,360482,115146,143366,146012,1527,1.1465,0.0366,,,,,,,,,,,
-76,167343,276272,208029,341547,120482,281113,71512,116304,80715,1722,1.0517,0.0395,,,,,,,,,,,
-70,133703,329432,199048,355675,115876,371112,104225,153552,113708,1122,1.0742,0.04,,,,,,,,,,,
-101,165073,333307,149884,299577,87244,261482,103624,152586,142353,1249,1.1224,0.0389,,,,,,,,,,,
-91,101587,236614,186820,361090,158844,408624,110259,161725,109158,1966,1.0738,0.0382,,,,,,,,,,,
-112,121628,403689,212658,273838,82181,221978,110190,116195,147241,1513,1.1175,0.0394,,,,,,,,,,,
-92,195487,428016,257078,282613,111588,397098,79146,141134,104391,1623,1.0518,0.0393,,,,,,,,,,,
-99,113397,443377,165538,351922,99831,254472,62411,193895,82066,1602,0.9669,0.0387,,,,,,,,,,,
-79,173213,371353,210402,385995,110800,233454,103072,177582,120749,1231,1.057,0.0421,,,,,,,,,,,
-107,185136,390497,233058,244139,99968,294554,98313,142826,181005,1145,1.0877,0.0373,,,,,,,,,,,
-98,229072,433821,186643,300236,108650,394520,109519,189042,154023,1380,0.9932,0.0393,,,,,,,,,,,
-110,155601,281728,195375,334445,145926,289201,93919,114748,151201,1141,1.0289,0.0415,,,,,,,,,,,
-68,196685,518268,234646,283436,128084,301856,103323,178789,163623,1557,1.0586,0.0394,,,,,,,,,,,
-113,157741,546258,212349,368268,102010,332846,107270,150385,126773,1723,0.9468,0.0424,,,,,,,,,,,
-103,144813,348027,175537,276878,125124,276809,108979,170352,112424,1649,1.0925,0.041,,,,,,,,,,,
-90,200584,350808,263314,399534,83898,390783,65023,194332,122895,1468,1.0393,0.04,,,,,,,,,,,
-82,137307,253797,257352,264906,124608,428952,126706,64410,137839,1940,1.0109,0.0392,,,,,,,,,,,
-87,207300,439408,183229,437033,76683,294795,101174,128132,134435,1701,1.0333,0.0379,,,,,,,,,,,
-99,129333,376381,195830,369996,91484,356613,139167,166274,151908,1037,1.0355,0.0389,,,,,,,,,,,
-69,162135,440230,229493,397429,129151,276563,133803,167126,147300,1478,1.0813,0.0404,,,,,,,,,,,
-86,164859,463161,165791,257688,80500,294267,143037,145537,149693,1414,1.0015,0.0386,,,,,,,,,,,
-62,142060,569125,169862,381650,134034,357035,78829,194963,136287,1419,1.1154,0.0421,,,,,,,,,,,
-111,173021,433865,205133,332285,111574,449727,105870,145126,76419,1595,1.056,0.0396,,,,,,,,,,,
-83,166187,408415,241668,318094,84489,344879,139014,144338,168941,1210,1.0444,0.0392,,,,,,,,,,,
-121,132873,343490,140446,283117,120800,473194,72530,152588,108542,1756,1.0487,0.0371,,,,,,,,,,,
-97,160108,360981,178321,348438,114826,395758,108370,156480,137248,1440,1.0936,0.0391,,,,,,,,,,,
-86,179531,394067,199428,328859,73793,443626,102618,119126,159745,1878,1.0778,0.0389,,,,,,,,,,,
-85,226509,406304,207607,384254,89342,318354,84207,153477,142477,1716,1.0468,0.0393,,,,,,,,,,,
-81,107666,501935,151073,431658,76991,394759,75495,118836,127888,639,1.068,0.0435,,,,,,,,,,,
-53,178285,268414,197154,323489,147722,338664,74933,188097,169020,1695,1.1842,0.043,,,,,,,,,,,
-112,157353,338813,270317,251253,90687,413773,59855,136583,131042,1481,1.0322,0.0427,,,,,,,,,,,
-82,194414,391914,102047,249399,109461,376985,133125,166309,116027,1372,1.0915,0.0391,,,,,,,,,,,
-56,174079,548491,218300,392759,63832,412624,126412,155887,98668,1507,1.0713,0.0417,,,,,,,,,,,
-120,129257,338703,185219,278984,71412,429227,94989,202813,92913,1481,1.0796,0.0427,,,,,,,,,,,
-86,123597,336055,242088,273263,114464,351457,138385,150435,144262,1051,1.0888,0.04,,,,,,,,,,,
-97,138606,337801,212181,227237,110779,369475,111289,126185,184025,1897,1.1421,0.0384,,,,,,,,,,,
-98,119417,482456,226833,396274,108587,349810,77046,157892,143981,980,1.0241,0.043,,,,,,,,,,,
-86,132145,353010,147775,380136,133185,317044,89130,108940,164147,1649,1.0747,0.0406,,,,,,,,,,,
-80,136494,300707,177239,355757,91970,413801,146920,214790,138698,1598,1.0331,0.0408,,,,,,,,,,,
-98,98628,291203,223170,246754,92983,324515,83473,114783,128670,1343,1.1825,0.0408,,,,,,,,,,,
-97,176451,366752,198698,352208,98240,437322,93017,181079,100403,2148,0.9934,0.0413,,,,,,,,,,,
-99,162617,320750,180478,439052,137991,270099,131075,116477,142351,1485,0.9842,0.0397,,,,,,,,,,,
-62,114513,318967,170006,315698,124243,320606,77478,158635,132053,1537,1.0713,0.0375,,,,,,,,,,,
-88,192193,512952,190203,290507,109341,388951,78503,136605,93995,1351,1.037,0.0405,,,,,,,,,,,
-86,179058,357470,245957,339661,111990,340821,103218,168646,140866,1347,1.0099,0.0394,,,,,,,,,,,
-110,178254,430518,216292,361686,150861,352909,92123,16817,165764,1615,1.0577,0.0408,,,,,,,,,,,
-60,195119,350286,253388,307507,136733,410217,83540,117813,172026,1460,1.048,0.0416,,,,,,,,,,,
-56,90885,314208,194609,274365,193532,326609,106716,119676,184748,1488,1.0159,0.0396,,,,,,,,,,,
-89,171166,362346,248812,350819,111956,413460,78562,146060,149488,1959,1.0957,0.0421,,,,,,,,,,,
-83,131046,393035,231217,225545,115440,352036,111208,209239,150301,1177,0.9785,0.0401,,,,,,,,,,,
-84,158734,370928,192798,370707,124934,414997,104897,142188,136885,1584,1.0666,0.043,,,,,,,,,,,
-76,120332,450223,168186,340608,80649,347518,110981,170692,118395,1684,1.1242,0.0393,,,,,,,,,,,
-110,152191,366917,296344,317959,120552,259745,102554,121790,122953,1830,0.9997,0.0406,,,,,,,,,,,
-85,146368,475406,206258,330243,180892,311764,84760,169571,106794,1552,1.1502,0.0395,,,,,,,,,,,
-76,183554,405197,235505,268155,130437,227319,121453,108609,118652,1390,1.0694,0.0438,,,,,,,,,,,
-79,151801,455977,158631,398052,119637,319347,102901,145679,92187,1455,1.083,0.0395,,,,,,,,,,,
-101,149759,630817,284635,369762,139901,348486,115501,174382,121451,1736,0.9717,0.043,,,,,,,,,,,
-90,189970,384224,201698,375501,135122,358059,81430,122903,116417,1217,1.0051,0.0408,,,,,,,,,,,
-79,148113,459319,119407,305358,76740,320624,113363,174746,150222,1853,1.0697,0.0369,,,,,,,,,,,
-114,161233,308458,172990,273393,99195,296482,110074,124769,137740,1352,1.0771,0.039,,,,,,,,,,,
-80,219620,420066,150018,274383,102670,272357,95932,166106,135999,1801,1.1304,0.0405,,,,,,,,,,,
-81,168905,398330,132727,311353,113005,362566,92076,130113,104346,1177,1.1319,0.0412,,,,,,,,,,,
-55,172027,329055,235055,224787,105798,275826,119628,222393,125581,874,1.0904,0.0434,,,,,,,,,,,
-92,163228,302671,236476,370788,106557,329779,89523,180292,121447,1064,1.0774,0.0387,,,,,,,,,,,
-92,160151,353750,201510,413948,117511,459009,56676,167743,109422,1747,1.0226,0.0418,,,,,,,,,,,
-93,122646,412728,229536,260812,141900,282629,100775,158011,139800,993,0.929,0.0401,,,,,,,,,,,
-100,184888,461209,186647,410212,109317,230142,72055,138431,117828,1490,1.1047,0.0377,,,,,,,,,,,
-69,107007,431417,115859,364083,135192,377769,89742,195216,98592,1396,0.9987,0.0396,,,,,,,,,,,
-107,213446,356570,196498,347266,140800,438825,103038,176445,174052,1680,1.1066,0.0421,,,,,,,,,,,
-94,114528,489630,138150,275710,55966,320082,56127,159530,92838,1308,1.1006,0.0404,,,,,,,,,,,
-95,219080,427708,213738,246726,116947,348262,101230,126755,124335,1792,1.0888,0.0385,,,,,,,,,,,
-87,183405,298099,172547,333484,151498,289300,44616,169496,107211,1738,1.1158,0.0398,,,,,,,,,,,
-96,149866,403697,204259,408487,82659,416173,77947,156767,96389,1475,1.0697,0.0378,,,,,,,,,,,
-113,171815,476043,207995,378154,134293,354018,115632,137364,131154,1752,1.0392,0.0377,,,,,,,,,,,
-97,164306,441857,220288,432195,114989,214332,93705,150199,120665,1357,1.1326,0.0409,,,,,,,,,,,
-79,193520,409343,212959,426782,112623,386986,87171,152796,115114,1849,1.0647,0.0438,,,,,,,,,,,
-78,151307,439811,172460,253882,67806,357953,119573,157193,152823,1826,1.0465,0.0405,,,,,,,,,,,
-104,247396,409981,184832,317427,98615,337808,104580,158743,113956,817,1.1178,0.0381,,,,,,,,,,,
-100,161577,429384,198794,318499,118328,295557,69478,117252,153221,1347,1.0361,0.0403,,,,,,,,,,,
-130,172043,371096,154559,292203,102644,293930,75124,86700,114894,2069,1.1182,0.0412,,,,,,,,,,,
-88,192535,408365,206544,404440,124552,425556,67551,154746,160123,1881,1.075,0.0388,,,,,,,,,,,
-79,137328,424914,275842,310050,98736,345272,92799,144997,97962,1749,1.0038,0.0397,,,,,,,,,,,
-72,183950,434581,235953,412264,106187,341602,118388,161926,149255,2364,1.0366,0.0417,,,,,,,,,,,
-84,110928,224899,204560,264799,147495,398640,81065,121777,129505,1114,1.1725,0.037,,,,,,,,,,,
-100,174795,414467,181542,324458,116641,311118,114549,137459,127332,1070,1.0527,0.038,,,,,,,,,,,
-107,209201,460898,229597,331789,92933,328057,99082,199259,102677,1315,1.0901,0.0394,,,,,,,,,,,
-65,160225,437757,192402,303690,116406,332889,111731,143960,130239,1695,1.087,0.0432,,,,,,,,,,,
-91,191010,486754,189261,306021,142226,276207,111592,112189,103462,1864,1.0021,0.0376,,,,,,,,,,,
-115,125011,374506,203557,353174,112618,379981,92695,165056,169709,1862,1.0705,0.0394,,,,,,,,,,,
-126,158220,498439,126249,334504,111984,324974,102917,115554,158831,1279,1.0788,0.0399,,,,,,,,,,,
-100,139506,347394,215707,376917,78690,292470,83862,148830,89800,1194,1.0255,0.0394,,,,,,,,,,,
-108,148155,433612,220414,328094,120103,317430,87447,110722,121516,1668,1.1297,0.0382,,,,,,,,,,,
-65,141514,448269,246533,199519,127985,464597,78205,180326,131335,1321,1.1235,0.04,,,,,,,,,,,
-77,188501,480933,185224,375981,117827,286057,79234,120186,134569,2184,1.0029,0.0399,,,,,,,,,,,
-101,147941,398916,220375,352186,146743,377650,76231,170092,117678,1750,1.0632,0.0392,,,,,,,,,,,
-76,157386,502909,166216,347128,111386,389942,128085,122537,123910,1365,1.097,0.0399,,,,,,,,,,,
-100,147513,532719,259596,337294,124357,204611,100516,163502,202542,1410,1.0386,0.036,,,,,,,,,,,
-96,99119,343893,195602,299693,120562,355547,76809,89414,113821,1401,1.0531,0.0399,,,,,,,,,,,
-84,205523,357952,186102,408418,94431,327433,90225,155176,124610,1758,1.1372,0.041,,,,,,,,,,,
-70,155172,238907,171435,296776,116594,294048,104825,167285,183441,1321,1.0175,0.042,,,,,,,,,,,
-93,167987,284856,222667,275510,151694,317191,54127,141636,104682,1077,1.048,0.0375,,,,,,,,,,,
-110,157732,495104,149194,282564,135871,335267,94639,78618,163498,1210,0.9866,0.0417,,,,,,,,,,,
-97,157444,478501,190101,318834,131602,433804,62930,184786,158205,1595,1.0895,0.0389,,,,,,,,,,,
-116,127387,268470,219600,361380,140123,378322,97594,206621,144009,748,1.0912,0.044,,,,,,,,,,,
-78,158340,287329,218197,305363,166101,369572,102524,150434,167708,1543,1.1058,0.0408,,,,,,,,,,,
-68,181862,559329,235989,360670,53599,379206,91767,114003,74814,853,0.9838,0.0413,,,,,,,,,,,
-74,184328,346466,216769,290090,92904,381523,113280,199374,76453,1518,1.0619,0.041,,,,,,,,,,,
-45,198756,339756,201905,298789,124838,320419,101949,132392,157118,1010,1.0291,0.0376,,,,,,,,,,,
-102,211496,384220,200810,342226,122817,369644,88041,119336,124923,1556,1.1352,0.0418,,,,,,,,,,,
-124,110257,315948,237601,335573,120298,427809,75184,151600,161498,1525,1.0567,0.0398,,,,,,,,,,,
-96,177557,457031,206590,357696,149340,409461,97479,104138,156160,2152,1.049,0.0396,,,,,,,,,,,
-108,191855,325739,181115,377440,114141,334238,82206,171559,118345,1105,1.0816,0.0385,,,,,,,,,,,
-128,180185,254563,207689,367677,75280,345814,92800,155763,81279,1664,1.0441,0.0397,,,,,,,,,,,
-111,176395,397202,152051,251013,87513,228654,111765,144227,155925,1475,1.0594,0.0411,,,,,,,,,,,
-84,152376,344500,194956,395147,150578,364972,102271,126427,139695,1420,1.1341,0.0412,,,,,,,,,,,
-82,159608,447841,140921,448899,59952,263676,98737,86898,161795,1582,1.0565,0.0414,,,,,,,,,,,
-79,73465,382632,185507,298774,124687,263229,126254,176442,173164,1466,1.0408,0.0407,,,,,,,,,,,
-85,197656,450066,212317,281454,153264,352027,69254,157672,95726,1255,0.9661,0.0378,,,,,,,,,,,
-139,129529,441508,154208,362042,108124,512956,84593,192125,131695,1331,1.0289,0.042,,,,,,,,,,,
-106,127960,480297,233079,326427,90425,320153,64349,163425,101166,1715,1.0932,0.0391,,,,,,,,,,,
-49,111684,295797,157658,385466,140001,344320,84702,155043,145587,1015,1.1047,0.0353,,,,,,,,,,,
-95,107096,521284,209540,421404,89822,409559,75902,131771,115735,1569,1.0626,0.0402,,,,,,,,,,,
-72,105985,193603,174433,351187,112474,388868,76352,156918,118393,1459,1.0362,0.041,,,,,,,,,,,
-108,204798,488561,208929,449841,117536,379095,122083,107042,133764,1794,1.0315,0.0411,,,,,,,,,,,
-82,177956,419940,136174,315541,134237,331826,119653,122290,95422,1635,0.9994,0.0395,,,,,,,,,,,
-93,126219,317851,156579,437688,89890,381639,109691,159210,153675,1486,1.0804,0.0378,,,,,,,,,,,
-101,178321,358516,194904,209840,107992,341444,126100,132333,162698,1677,1.0662,0.0395,,,,,,,,,,,
-92,144239,368630,230708,327506,103379,352803,111759,150808,141550,1578,1.0784,0.0403,,,,,,,,,,,
-55,168810,298196,156526,362771,131680,315908,86256,165372,154641,1252,1.1691,0.0385,,,,,,,,,,,
-99,171136,444825,208950,284750,131716,452644,74916,144476,110706,1644,1.0433,0.0427,,,,,,,,,,,
-122,209246,465516,276384,422384,113535,307479,84674,156771,133654,1275,1.1277,0.0378,,,,,,,,,,,
-121,205245,459854,173891,405975,101244,332544,84824,165744,193023,1345,0.9271,0.0368,,,,,,,,,,,
-111,157221,434873,311374,280599,100255,408905,74447,115228,153489,1006,0.9965,0.0389,,,,,,,,,,,
-59,198940,414124,211943,315076,87558,420303,78039,150996,124340,1593,0.9396,0.0384,,,,,,,,,,,
-111,146291,398754,147685,390686,109939,262530,75522,155653,119173,1476,1.1267,0.0394,,,,,,,,,,,
-90,121109,458617,258561,389682,125985,177319,116267,173051,133704,1199,0.9934,0.0366,,,,,,,,,,,
-84,149491,284271,281699,291806,147126,395292,119059,104524,133588,1152,1.043,0.0367,,,,,,,,,,,
-63,142912,311051,205371,365082,102000,304168,87146,119085,132105,1387,1.0888,0.0374,,,,,,,,,,,
-93,182674,305106,245114,267318,84222,363881,100851,195953,162335,1218,1.0382,0.0409,,,,,,,,,,,
-111,139767,288097,243089,314908,90905,242935,85095,70766,120059,1595,1.0379,0.0384,,,,,,,,,,,
-82,147587,344810,129091,202601,115199,243980,52901,148734,114118,1809,1.0662,0.0386,,,,,,,,,,,
-76,76304,420279,159757,265402,118883,339238,104514,156550,123474,1710,1.0829,0.0367,,,,,,,,,,,
-105,177028,385444,246717,249850,95466,328313,75478,206456,125422,1165,1.0587,0.0399,,,,,,,,,,,
-101,180680,569741,102249,254445,97499,280381,52015,146308,159503,1496,1.0495,0.0397,,,,,,,,,,,
-113,197274,280703,214057,277427,139323,270458,92429,135830,146281,1680,1.0613,0.0394,,,,,,,,,,,
-111,132348,380944,213511,364117,130316,170491,54517,155795,113922,1712,1.1421,0.0415,,,,,,,,,,,
-62,182051,436320,192131,341592,88464,401697,101089,153196,112972,1813,1.0058,0.042,,,,,,,,,,,
-101,145963,417679,198240,338248,80333,394144,105568,76115,134188,1365,1.0431,0.0428,,,,,,,,,,,
-79,93077,627269,229001,330752,90218,288439,86741,156578,159241,1668,1.0594,0.0372,,,,,,,,,,,
-91,185432,424847,194668,289803,163851,344106,88669,154631,134623,1490,1.0999,0.0416,,,,,,,,,,,
-69,98010,284107,178919,182371,95681,309222,104542,175705,145813,1655,1.0901,0.0368,,,,,,,,,,,
-91,181055,388709,209752,294296,105023,379118,128391,177460,122214,1803,1.052,0.0406,,,,,,,,,,,
-95,156900,325205,174666,409754,104581,392946,109703,116907,160564,2015,0.9583,0.0417,,,,,,,,,,,
-92,109621,400507,210306,395985,78320,344781,78120,146463,129296,1235,1.0027,0.0408,,,,,,,,,,,
-53,183724,380490,231954,291278,97776,386954,104982,135408,158794,1170,1.0692,0.0391,,,,,,,,,,,
-50,151818,420219,232678,288451,75741,307364,109082,218046,128613,1204,1.1566,0.0391,,,,,,,,,,,
-118,103096,263785,253591,298650,114463,346317,104353,119818,147831,1081,1.0465,0.0382,,,,,,,,,,,
-102,196482,507855,63279,299687,128688,298012,96557,168532,79756,1153,1.0503,0.0405,,,,,,,,,,,
-86,188976,411181,235000,350413,102501,410605,107494,180642,162221,2026,1.0888,0.041,,,,,,,,,,,
-118,168523,291572,262139,306590,124187,235923,77936,189620,99567,1392,0.9804,0.0426,,,,,,,,,,,
-68,107007,491001,215792,392210,94181,458724,50916,146748,120760,1256,1.0593,0.0386,,,,,,,,,,,
-84,153889,401663,204107,134801,108658,261781,85590,140532,151324,1869,1.0427,0.0407,,,,,,,,,,,
-73,161009,409852,276093,443807,108070,218738,102631,183412,144417,1544,1.0648,0.0395,,,,,,,,,,,
-90,169443,306565,212778,280167,101405,340019,122046,136959,128817,1293,1.1044,0.0413,,,,,,,,,,,
-100,148756,479480,232904,340801,96751,242523,69755,116082,99986,1556,1.1518,0.0414,,,,,,,,,,,
-118,151926,449681,205324,341323,111203,440914,94904,179283,156738,1483,1.0916,0.0436,,,,,,,,,,,
-98,65993,396009,230700,459986,154898,227769,104359,144536,82281,1350,1.1104,0.0366,,,,,,,,,,,
-97,140753,438106,225530,365762,113643,301980,103126,131947,127539,1257,1.0761,0.0371,,,,,,,,,,,
-83,195281,419688,228909,323065,106690,427776,98058,168058,109182,1744,1.0772,0.0387,,,,,,,,,,,
-80,80578,425996,172348,371408,90530,308882,84358,175788,130795,1488,1.0652,0.0374,,,,,,,,,,,
-73,164707,402763,152629,387908,93511,302125,84917,153060,122758,1743,1.0603,0.0404,,,,,,,,,,,
-80,144129,393661,235480,410297,99624,183939,109319,141983,182349,1756,1.1028,0.0393,,,,,,,,,,,
-69,164078,446661,214760,436038,143035,335011,119532,178778,139348,1656,1.0611,0.0368,,,,,,,,,,,
-94,108492,358589,268776,347694,103025,375645,88883,130297,155701,1901,1.0461,0.0405,,,,,,,,,,,
-74,185414,353541,170259,255580,81840,413994,98232,168981,137095,1479,1.0275,0.0374,,,,,,,,,,,
-113,203610,325316,208217,340934,97329,354850,102333,173273,74264,1490,1.0076,0.038,,,,,,,,,,,
-78,91505,453698,193783,383660,147414,453408,106229,105773,99234,1373,1.0706,0.0403,,,,,,,,,,,
-79,160672,354062,160756,296616,104174,188379,119647,100898,163171,2387,1.0767,0.0381,,,,,,,,,,,
-127,176465,374861,184359,307098,117534,359640,99428,113689,124628,1141,1.1219,0.0366,,,,,,,,,,,
-83,156382,464098,144898,392931,146348,272761,87223,158031,148385,1689,0.8771,0.0413,,,,,,,,,,,
-124,90656,343446,178282,270077,123558,379363,122154,199409,126107,861,1.0456,0.0374,,,,,,,,,,,
-85,151807,297361,222041,372967,97596,283353,86885,143119,150131,1819,1.1438,0.0396,,,,,,,,,,,
-92,156087,460731,168351,478742,127942,323471,80619,162392,101404,1644,1.0098,0.0386,,,,,,,,,,,
-66,97991,338321,145208,337459,137304,332477,85649,158514,164091,1450,1.042,0.0382,,,,,,,,,,,
-112,206712,378683,222013,261361,144307,349532,121842,174723,165991,2023,1.0351,0.0412,,,,,,,,,,,
-76,181207,421717,134551,213266,101223,242209,102474,147630,113050,1557,1.027,0.0426,,,,,,,,,,,
-97,178146,368379,256994,363552,123427,363143,77342,237914,119528,1704,1.0225,0.0438,,,,,,,,,,,
-83,130542,428277,204478,378390,102311,349234,79906,179920,100875,1420,1.0222,0.0406,,,,,,,,,,,
-72,183049,344278,151810,311594,99397,464587,113713,183792,138268,1123,1.014,0.0419,,,,,,,,,,,
-90,212669,320348,156823,365153,99339,499799,129055,156566,146593,1256,1.0773,0.0401,,,,,,,,,,,
-105,112715,403346,187762,305398,133834,351823,84399,187848,137804,1536,1.0108,0.0404,,,,,,,,,,,
-84,157861,368759,143049,300879,109390,408936,86579,87985,120298,1516,0.9856,0.0393,,,,,,,,,,,
-77,82394,264766,162943,295087,68385,265219,76628,178208,116005,963,1.1211,0.0374,,,,,,,,,,,
-86,140062,377130,146425,266455,100045,372385,84495,154531,117676,1956,1.144,0.0388,,,,,,,,,,,
-102,172850,321396,161705,344279,97747,268615,108893,163249,147430,1728,1.0928,0.04,,,,,,,,,,,
-114,117030,322348,200737,402892,113785,339726,136573,120833,112129,1432,0.9994,0.043,,,,,,,,,,,
-108,173261,292585,250435,351002,80353,496144,97343,190438,131554,811,0.9556,0.0427,,,,,,,,,,,
-75,164190,450628,170588,377500,73708,407465,85178,177776,124411,1555,1.0287,0.0391,,,,,,,,,,,
-57,199870,359481,161972,303664,137208,318442,92365,180703,114999,1332,1.0232,0.0424,,,,,,,,,,,
-78,176380,438372,177097,437907,127011,368505,99415,142224,115512,1257,1.2019,0.0394,,,,,,,,,,,
-77,215472,407384,237584,378760,109298,307629,97744,123048,192628,1788,1.0949,0.0409,,,,,,,,,,,
-81,152951,420320,257278,344104,158582,388606,67091,164104,127405,1899,1.0368,0.0379,,,,,,,,,,,
-39,125724,390063,155827,400824,122372,321711,77705,132565,134355,1454,1.0702,0.0412,,,,,,,,,,,
-68,204574,189591,213071,298254,98266,322255,87537,95012,67445,2095,1.135,0.042,,,,,,,,,,,
-82,160903,435605,251981,215235,136297,442463,62217,150680,121028,1155,1.0706,0.0433,,,,,,,,,,,
-69,119681,410593,101527,404307,103082,309265,115688,134234,117985,1366,1.0512,0.0419,,,,,,,,,,,
-109,166110,262655,192970,236121,86047,338347,82679,162645,140761,1760,0.9612,0.0408,,,,,,,,,,,
-69,176412,454744,207931,337149,104807,397650,124092,144219,185451,2201,1.0359,0.0379,,,,,,,,,,,
-82,146962,313136,220818,307016,104904,366472,105620,59729,110317,2317,1.0325,0.04,,,,,,,,,,,
-96,131752,448528,258231,405500,138480,323548,118447,234772,154523,1659,1.054,0.043,,,,,,,,,,,
-92,177673,321557,166544,342089,94975,398747,91557,160092,163859,1711,1.082,0.0385,,,,,,,,,,,
-94,152554,325099,190611,287829,92495,384173,81572,187451,145714,484,1.0461,0.0403,,,,,,,,,,,
-86,201691,333029,216012,410635,134244,280619,83125,133323,108494,1489,1.0284,0.0389,,,,,,,,,,,
-97,126236,348439,283942,313772,131231,313214,114503,144547,101125,1789,1.0043,0.04,,,,,,,,,,,
-106,178664,316304,244844,288884,159663,410739,85042,174337,116324,992,1.0527,0.0404,,,,,,,,,,,
-106,141021,407148,170336,313939,95010,415063,111147,117172,146472,1998,1.0862,0.0374,,,,,,,,,,,
-92,186493,355252,158408,410193,99420,253199,92438,143165,124812,1209,1.0871,0.0379,,,,,,,,,,,
-95,157567,465208,210347,335258,91710,295968,92525,89490,152047,1854,1.0689,0.0398,,,,,,,,,,,
-102,106958,380488,192405,385451,104597,263837,93374,139725,188529,1573,1.1234,0.0435,,,,,,,,,,,
-72,135961,478518,151851,287864,80192,388840,74132,73622,94216,1608,1.1973,0.0413,,,,,,,,,,,
-104,121512,390193,211561,286917,130303,338362,118378,180448,131980,1527,1.0922,0.0402,,,,,,,,,,,
-94,125777,490291,175921,288470,97658,265025,82278,154724,104068,1337,1.119,0.0399,,,,,,,,,,,
-93,181024,211025,204815,378104,77277,478161,126088,191636,118184,1023,1.0867,0.04,,,,,,,,,,,
-98,79474,384947,179275,274148,78732,368765,84795,176056,123097,1642,0.9988,0.0416,,,,,,,,,,,
-73,141380,398499,171287,368037,149165,384993,32801,150412,154145,1323,1.0223,0.0415,,,,,,,,,,,
-77,116872,341264,191931,308851,101569,344387,99333,159827,136954,1678,1.067,0.0392,,,,,,,,,,,
-79,174219,369162,244256,190335,130529,384461,95579,167110,140145,1483,0.9614,0.0385,,,,,,,,,,,
-99,128936,451245,146203,292582,119747,364518,77362,171567,115660,1046,1.0168,0.0413,,,,,,,,,,,
-104,191256,420522,196805,285494,128488,303478,85984,160848,146077,1731,1.0249,0.0426,,,,,,,,,,,
-77,174369,313250,178296,201468,83784,374482,80606,158328,178914,2452,1.06,0.0419,,,,,,,,,,,
-106,115434,446898,153489,173065,96921,478746,101767,108663,189279,1710,1.0476,0.0433,,,,,,,,,,,
-69,144666,418293,213883,313707,148105,295121,87175,183376,123870,1713,1.0481,0.036,,,,,,,,,,,
-102,163089,360324,190544,324363,129480,385890,85906,91200,136580,1197,1.0896,0.0391,,,,,,,,,,,
-78,108040,299295,235565,299146,106953,422512,114797,113352,90257,1045,1.0045,0.0381,,,,,,,,,,,
-76,148966,613851,213432,281565,146565,418962,82075,153201,121006,1475,1.1379,0.0386,,,,,,,,,,,
-114,125683,448845,165787,246435,86666,304467,84458,122798,126515,1341,1.0492,0.0371,,,,,,,,,,,
-121,201084,294197,127032,303623,114669,335355,93171,171229,136825,1785,1.0252,0.0399,,,,,,,,,,,
-101,109805,442907,133518,245415,135809,403141,83086,145295,94283,2141,1.018,0.038,,,,,,,,,,,
-81,173123,589724,131353,307255,89962,487420,90752,167728,162774,1600,1.0827,0.0387,,,,,,,,,,,
-60,133866,347259,179318,367758,128524,412561,81871,107844,133074,1330,1.0424,0.0384,,,,,,,,,,,
-36,94463,417742,220904,345905,80669,381807,123913,101584,177790,1049,0.9938,0.0391,,,,,,,,,,,
-57,175287,451445,84055,325171,131015,362812,90284,124308,146594,1848,1.0222,0.0397,,,,,,,,,,,
-110,149162,230173,209005,323419,124564,298378,97107,215343,145959,1248,0.969,0.0394,,,,,,,,,,,
-89,150565,383125,223165,276819,96875,362906,106527,158105,112618,1543,0.9943,0.0438,,,,,,,,,,,
-83,125350,394013,210485,211308,123288,322675,115248,173799,146559,1868,1.1405,0.0407,,,,,,,,,,,
-99,189826,376112,185156,336440,87278,191922,103149,116371,142886,1502,1.0905,0.042,,,,,,,,,,,
-59,102776,230623,214641,407080,56105,315928,63411,135748,115738,1417,1.0451,0.0395,,,,,,,,,,,
-89,171382,205868,208942,320853,126344,336917,84525,193850,131500,1715,1.0488,0.041,,,,,,,,,,,
-43,199901,345138,133855,290845,78430,234555,70410,168331,122491,1267,1.0915,0.0413,,,,,,,,,,,
-75,178218,369687,120440,331623,115168,372749,102847,168517,151927,1919,1.0206,0.0417,,,,,,,,,,,
-93,200895,395997,104226,260765,121853,304841,72324,153815,88514,1419,1.1562,0.0409,,,,,,,,,,,
-87,166911,408221,193214,296088,98556,332752,80505,117368,114804,1782,1.0285,0.0381,,,,,,,,,,,
-85,154570,403634,151711,273742,156632,365699,111706,142274,138280,1055,1.0516,0.0421,,,,,,,,,,,
-91,163645,373664,223875,177342,131453,272544,91160,172497,120073,933,1.0752,0.0419,,,,,,,,,,,
-84,190809,506004,205208,222032,133967,287511,82898,135304,105764,1579,1.0112,0.0376,,,,,,,,,,,
-92,143873,453435,264690,482188,94106,291056,108399,173717,122002,1624,1.1091,0.039,,,,,,,,,,,
-73,131986,401434,188724,256871,94080,339019,101035,124897,158068,1453,1.0749,0.0387,,,,,,,,,,,
-95,163224,341571,201517,366999,83484,301172,115031,188648,141363,1381,1.0204,0.0409,,,,,,,,,,,
-77,128671,517669,188723,473244,108584,348684,96995,93985,159169,1427,1.0097,0.0411,,,,,,,,,,,
-83,131869,493693,186746,353831,114481,358726,92018,170854,132199,1434,1.0704,0.0389,,,,,,,,,,,
-105,129844,372985,263512,272430,113217,402956,77998,151067,168546,2081,1.078,0.0399,,,,,,,,,,,
-75,135723,337971,215153,354829,115330,144356,92728,158351,104958,1346,1.01,0.0411,,,,,,,,,,,
-105,141135,350771,203279,418097,106806,391418,84861,138420,124015,816,1.0211,0.0381,,,,,,,,,,,
-104,130775,454205,249127,393900,112382,405329,122103,160387,103783,2048,1.0196,0.039,,,,,,,,,,,
-84,151872,545210,209240,346368,131108,282647,104599,157317,118046,1340,1.0537,0.0401,,,,,,,,,,,
-69,152022,419805,175167,360757,112223,425317,108098,121003,150229,1554,1.0295,0.0408,,,,,,,,,,,
-114,203351,315113,204441,294221,119366,390921,85905,125484,150208,1716,1.0878,0.0411,,,,,,,,,,,
-84,222691,298884,235175,386470,123542,466846,70401,198319,141217,759,1.1061,0.0424,,,,,,,,,,,
-96,155454,439263,178913,336296,134773,260460,68597,154653,135303,1687,0.9366,0.0367,,,,,,,,,,,
-102,116064,535055,103739,419208,101241,232886,90289,165608,155981,1419,1.0363,0.0418,,,,,,,,,,,
-112,185152,361884,226384,429530,103363,309227,110238,148558,190128,1331,1.063,0.0389,,,,,,,,,,,
-77,115060,325540,217927,359423,79406,401648,112527,176235,166038,1976,1.0581,0.0434,,,,,,,,,,,
-111,126215,401545,160874,330758,112705,411707,138878,132392,156190,1152,1.1283,0.0394,,,,,,,,,,,
-91,168448,143620,166697,354800,127948,272971,97960,134035,161623,1300,1.0693,0.0415,,,,,,,,,,,
-97,194906,263095,220065,341565,92524,308027,101559,145562,92857,1300,1.0662,0.0396,,,,,,,,,,,
-72,202835,371387,142073,343240,115631,379813,94145,150302,128448,1867,1.1109,0.0384,,,,,,,,,,,
-109,161756,375507,226549,335331,68219,358086,94308,133419,107223,1813,1.0018,0.0411,,,,,,,,,,,
-87,129771,385587,270284,329066,131771,362703,114947,232438,90205,1534,1.0981,0.0399,,,,,,,,,,,
-83,186183,449343,190042,319046,90784,442266,110905,201140,93096,1968,1.0091,0.0387,,,,,,,,,,,
-114,100438,308700,163858,331788,129265,405081,62942,118646,102604,989,0.9916,0.0417,,,,,,,,,,,
-110,135030,406522,231821,285737,135721,431638,94005,183001,130555,1373,1.0641,0.042,,,,,,,,,,,
-70,151543,381479,198167,277771,138346,292660,104655,144383,178190,1798,1.1087,0.0409,,,,,,,,,,,
-88,165112,336908,244336,295442,108207,337702,65835,193202,163324,1354,1.0896,0.038,,,,,,,,,,,
-85,192557,440810,262841,358795,126002,442201,105866,130643,139333,1295,1.0808,0.0398,,,,,,,,,,,
-88,134106,441968,242954,167369,103353,239265,105028,158494,181323,1285,1.0398,0.0365,,,,,,,,,,,
-107,138751,485466,170183,371786,129265,225681,91625,86941,146047,1340,1.1098,0.0416,,,,,,,,,,,
-81,198293,455318,221232,356831,142394,465685,101848,107026,130210,1085,1.0949,0.0418,,,,,,,,,,,
-90,140867,383554,220443,406863,112645,338830,143883,137880,218402,1685,1.1587,0.0422,,,,,,,,,,,
-76,130303,353860,232281,334121,121277,420256,106013,166567,192414,1509,0.9963,0.041,,,,,,,,,,,
-88,187260,300463,242214,259067,138000,412811,83647,139121,134531,1172,1.1409,0.0388,,,,,,,,,,,
-76,172441,419511,151293,267680,141314,396130,100502,153584,78967,1268,1.0598,0.0406,,,,,,,,,,,
-114,187243,332641,237030,312733,105810,323338,58841,129015,159007,1063,1.033,0.0425,,,,,,,,,,,
-83,166662,462338,211479,255247,110841,408202,90694,157300,126999,1295,1.0582,0.0407,,,,,,,,,,,
-99,101156,315367,273503,381931,99767,305304,104019,192920,143727,1290,1.1009,0.0401,,,,,,,,,,,
-53,223863,373156,268321,325519,114361,304119,96618,173228,106688,1592,1.0643,0.0405,,,,,,,,,,,
-73,167119,255366,177502,344317,92188,289145,88822,194287,135353,1239,0.9829,0.0407,,,,,,,,,,,
-86,161029,400535,215214,278782,106009,472021,99918,174012,180583,1863,1.1054,0.0441,,,,,,,,,,,
-92,156887,349817,213126,443339,147113,423293,86977,223070,95807,1103,1.0121,0.0361,,,,,,,,,,,
-100,121473,405387,179907,370034,98911,324840,114174,167589,149579,1473,1.0444,0.041,,,,,,,,,,,
-79,140227,474789,211362,307399,104264,256872,93438,150694,138604,1165,0.9991,0.0398,,,,,,,,,,,
-66,154087,341780,240870,445123,66599,298244,54671,203710,108861,995,1.0851,0.0414,,,,,,,,,,,
-89,156784,383730,211552,316755,110180,496690,116799,157672,146983,1930,1.0396,0.0392,,,,,,,,,,,
-53,207193,352313,226938,440841,111884,327620,82312,179776,146144,1487,1.0339,0.0397,,,,,,,,,,,
-77,178970,346907,150581,318226,120506,508648,88336,179980,153742,1473,1.0774,0.0453,,,,,,,,,,,
-84,194809,388656,192121,396225,69787,387022,81077,155325,138678,1385,1.1087,0.0363,,,,,,,,,,,
-76,204291,492114,182016,391785,118720,329761,100170,93750,72085,1585,1.0372,0.0397,,,,,,,,,,,
-85,195052,255143,216106,308581,120709,410757,109216,150706,121654,1403,1.0762,0.0359,,,,,,,,,,,
-56,121903,433879,265119,285489,113421,268759,63277,142715,163149,1135,1.0408,0.0386,,,,,,,,,,,
-105,193786,262104,183039,268798,114523,306453,98796,148023,154362,1135,1.0465,0.0417,,,,,,,,,,,
-86,210215,239308,212170,234595,87661,414455,107461,175090,126296,1502,1.0717,0.0399,,,,,,,,,,,
-114,235665,303904,224949,291629,135296,307682,103172,222415,127761,2164,1.0257,0.0381,,,,,,,,,,,
-81,159728,392020,205809,391345,113979,358822,83185,108253,153251,1340,1.1221,0.0399,,,,,,,,,,,
-116,125524,321392,189229,405463,122789,409388,99231,177622,164431,1590,1.0775,0.0413,,,,,,,,,,,
-89,171416,268754,198206,250366,68524,351403,93323,220792,143206,1665,0.9793,0.0444,,,,,,,,,,,
-79,140062,315574,233277,242360,84132,359802,88686,176344,183257,1457,0.9669,0.0381,,,,,,,,,,,
-91,135244,367028,213940,329806,107106,356356,46775,199986,105806,1424,1.1276,0.0406,,,,,,,,,,,
-97,176130,468793,210594,356103,89429,331852,60409,167461,132112,1718,1.0852,0.0397,,,,,,,,,,,
-84,179403,374422,239032,366885,87608,366268,109054,100702,136724,2071,0.9865,0.0425,,,,,,,,,,,
-67,124144,330326,133724,203712,127937,342693,80838,192174,111518,1906,1.0795,0.0373,,,,,,,,,,,
-80,107512,418072,182651,380061,123338,342780,78736,91821,188395,1389,0.9162,0.0402,,,,,,,,,,,
-84,147252,343183,346181,241017,116936,288505,97720,155589,130917,1631,1.0466,0.0368,,,,,,,,,,,
-100,100282,434109,279205,448235,95435,275590,106937,118124,120158,1539,1.0044,0.0387,,,,,,,,,,,
-106,121963,432808,212278,417800,121812,414412,86014,169098,116119,1467,1.1615,0.04,,,,,,,,,,,
-86,170180,443861,150937,329324,89251,276080,93485,172884,81628,1385,1.0378,0.0418,,,,,,,,,,,
-72,116667,350102,161678,347326,151358,361376,102489,148583,155466,1267,1.0499,0.0411,,,,,,,,,,,
-106,109714,418568,201014,415171,115716,431037,119961,160762,118745,1386,1.0675,0.0404,,,,,,,,,,,
-105,167789,381660,222064,305246,105081,485462,87965,114597,133126,1463,1.2115,0.0398,,,,,,,,,,,
-101,163476,320938,67780,317775,113539,396987,83917,158600,131436,1167,1.0155,0.0408,,,,,,,,,,,
-56,167370,282129,190372,356556,104887,295333,113138,172974,71640,1449,1.0992,0.0402,,,,,,,,,,,
-90,196405,451783,174273,348244,101582,260046,103820,158960,85585,1361,0.9566,0.0392,,,,,,,,,,,
-53,198872,390300,112328,409270,94320,390667,102963,168756,154974,2051,1.0656,0.0394,,,,,,,,,,,
-69,219021,408555,144831,289848,134506,376731,89732,162823,115052,1640,1.1148,0.0406,,,,,,,,,,,
-70,120499,395576,204938,445041,83279,399529,101564,163602,123494,1779,1.0744,0.0406,,,,,,,,,,,
-76,166611,284142,217409,178034,102109,396685,90160,167868,141551,1359,1.1089,0.0388,,,,,,,,,,,
-59,188983,395896,183365,309680,81073,349722,98285,166864,148047,1775,1.1328,0.0389,,,,,,,,,,,
-93,152416,414719,178974,335020,156063,383603,86221,141157,138348,1406,1.0853,0.0405,,,,,,,,,,,
-66,166686,381814,259817,468352,112768,438306,103802,144658,119632,1505,0.9321,0.0381,,,,,,,,,,,
-79,157978,464688,151210,288172,124133,328208,89475,217525,114451,1498,1.0384,0.0388,,,,,,,,,,,
-115,163861,353668,272690,340711,112264,346540,93969,123906,157697,1041,1.1426,0.0398,,,,,,,,,,,
-102,186073,445900,137442,321814,93835,346680,87237,148179,157052,1344,1.0545,0.0394,,,,,,,,,,,
-94,155246,359211,222985,467064,104449,368690,111848,126669,82515,1449,1.0631,0.0409,,,,,,,,,,,
-72,158621,515862,170659,329970,134094,207817,80089,113837,149899,1815,1.0749,0.0413,,,,,,,,,,,
-132,206518,360815,215529,401523,53729,300424,140116,146446,154431,1504,1.0994,0.0427,,,,,,,,,,,
-82,174940,379628,264376,308084,105987,367498,131164,150169,117660,848,0.975,0.0421,,,,,,,,,,,
-82,179029,293975,230169,379613,105889,362349,76973,146782,167885,1777,1.0818,0.0402,,,,,,,,,,,
-95,145825,386602,279903,329081,96784,378298,104903,128914,172527,1037,1.0486,0.0402,,,,,,,,,,,
-102,137176,478055,156811,379224,90238,334823,88235,125466,166394,1482,1.1111,0.0359,,,,,,,,,,,
-109,149970,309754,240686,264040,143366,464507,102126,123305,123584,1350,1.0809,0.0386,,,,,,,,,,,
-76,153414,513855,225709,400950,138669,352987,115636,166388,168299,1856,1.0598,0.0398,,,,,,,,,,,